{
    "epochs": [
        1,
        2,
        3,
        4,
        5
    ],
    "train_loss": [
        4.564576953887939,
        4.5200562028884885,
        4.501925935268402,
        4.489800699710846,
        4.482913029670716
    ],
    "train_acc": [
        1.9375,
        2.4875,
        2.5875,
        3.05625,
        2.90625
    ],
    "val_loss": [
        4.53162726020813,
        4.507386938095093,
        4.49456821346283,
        4.486099557876587,
        4.480011102676392
    ],
    "val_acc": [
        1.65,
        2.275,
        2.625,
        2.525,
        2.85
    ],
    "learning_rates": [
        0.0009755527298894294,
        0.0009046039886902864,
        0.0007940987335200904,
        0.0006548539886902864,
        0.0005005000000000001
    ]
}