{
    "epochs": [
        1,
        2,
        3,
        4,
        5,
        6,
        7,
        8,
        9,
        10,
        11,
        12,
        13,
        14,
        15,
        16,
        17,
        18,
        19,
        20,
        21,
        22,
        23,
        24,
        25,
        26,
        27,
        28,
        29,
        30,
        31,
        32,
        33,
        34,
        35,
        36,
        37,
        38,
        39,
        40,
        41,
        42,
        43,
        44,
        45,
        46,
        47,
        48,
        49,
        50,
        51,
        52,
        53,
        54,
        55,
        56,
        57,
        58,
        59,
        60
    ],
    "train_loss": [
        4.564354247093201,
        4.519663372516632,
        4.500671626567841,
        4.491344456672668,
        4.4826587653160095,
        4.600758906841278,
        4.508087135314941,
        4.426318190813064,
        4.360870045423508,
        4.279323850393295,
        4.192450986862182,
        4.117566904306412,
        4.0529525330066685,
        3.9891742186546324,
        3.9542971320152285,
        4.181915478229523,
        4.147311950922012,
        4.104265370130539,
        4.051147287607193,
        4.016217104196548,
        3.951657559633255,
        3.9061554341316223,
        3.8550518193244936,
        3.814751620769501,
        3.7756850640773774,
        3.7246409635543825,
        3.6812897946834564,
        3.6524805233478546,
        3.6099242572784425,
        3.5738215177059174,
        3.520265805721283,
        3.500157278776169,
        3.4797560074329374,
        3.4556536650657654,
        3.435049385070801,
        3.7667812478542326,
        3.7558449029922487,
        3.7377801084518434,
        3.7238332664966585,
        3.70368025803566,
        3.6866072075366976,
        3.6716700475215913,
        3.647135560274124,
        3.6320644047260284,
        3.615943417072296,
        3.5871574251651763,
        3.558015701532364,
        3.5330710196495057,
        3.509228280544281,
        3.4747630562782286,
        3.444315889835358,
        3.4322662456035613,
        3.4089496369361876,
        3.3656850283145903,
        3.321664724111557,
        3.3103710272312163,
        3.2826384670734408,
        3.25428778386116,
        3.213998183965683,
        3.1854986743927003
    ],
    "train_acc": [
        1.91875,
        2.5625,
        2.59375,
        2.78125,
        3.06875,
        2.39375,
        2.93125,
        4.16875,
        5.00625,
        6.08125,
        7.36875,
        8.74375,
        10.10625,
        10.81875,
        11.7,
        8.33125,
        8.60625,
        9.2375,
        10.25,
        10.9,
        12.41875,
        13.20625,
        14.28125,
        15.1375,
        15.825,
        16.79375,
        17.68125,
        18.2375,
        19.7,
        20.13125,
        21.4,
        22.23125,
        22.30625,
        22.6625,
        23.725,
        16.23125,
        16.45,
        16.31875,
        17.05,
        17.175,
        17.49375,
        18.14375,
        18.7125,
        18.75,
        18.9375,
        20.09375,
        20.6875,
        21.01875,
        21.5625,
        22.325,
        22.775,
        23.53125,
        23.7125,
        24.78125,
        26.18125,
        25.98125,
        26.825,
        27.63125,
        28.5875,
        28.95
    ],
    "val_loss": [
        4.531699377059937,
        4.508261085510254,
        4.494799136161804,
        4.486388003349304,
        4.4802020626068115,
        4.50114104270935,
        4.485817421913147,
        4.351453711509705,
        4.209283472061157,
        4.2375198726654055,
        4.1645778503417965,
        4.109526635169983,
        4.076913699150086,
        4.069650547027588,
        4.048602415084839,
        4.163035848617554,
        4.152438241004944,
        4.29262431716919,
        4.021924265861511,
        4.006858837127686,
        3.9220829305648803,
        3.9717658047676085,
        3.8886730976104738,
        3.805496618270874,
        3.7287462577819825,
        3.7719027643203735,
        3.752032811164856,
        3.7083129148483276,
        3.6694592823982237,
        3.625592664718628,
        3.602021054267883,
        3.5730506410598757,
        3.570897831439972,
        3.5443103251457213,
        3.5535191192626954,
        3.7596543254852297,
        3.7477102432250975,
        3.78385080909729,
        3.7309612555503846,
        3.6943543281555176,
        3.663280272960663,
        3.6871860089302064,
        3.5927102255821226,
        3.646076476097107,
        3.6274802780151365,
        3.5429105281829836,
        3.497381073951721,
        3.5171505098342895,
        3.4546734523773193,
        3.4902946262359618,
        3.477157850265503,
        3.4510237450599672,
        3.422168293476105,
        3.36879056930542,
        3.382471024990082,
        3.3270139975547792,
        3.3187255330085756,
        3.2602991175651552,
        3.220003054141998,
        3.2163584418296813
    ],
    "val_acc": [
        1.975,
        2.525,
        2.7,
        2.75,
        2.925,
        2.95,
        2.925,
        4.45,
        6.675,
        7.7,
        7.85,
        9.55,
        10.025,
        10.25,
        11.2,
        7.7,
        8.35,
        9.225,
        11.225,
        12.35,
        13.25,
        13.35,
        14.1,
        16.7,
        18.15,
        18.4,
        18.2,
        19.9,
        21.1,
        21.075,
        21.85,
        23.575,
        22.875,
        24.175,
        23.975,
        16.975,
        17.25,
        17.275,
        18.225,
        18.325,
        19.45,
        17.875,
        21.475,
        18.975,
        19.9,
        21.2,
        22.65,
        21.475,
        24.375,
        23.225,
        23.45,
        25.05,
        25.75,
        25.8,
        25.775,
        27.375,
        27.25,
        29.075,
        29.775,
        29.5
    ],
    "learning_rates": [
        0.0009755527298894294,
        0.0009046039886902864,
        0.0007940987335200904,
        0.0006548539886902864,
        0.0005005000000000001,
        0.0009755527298894294,
        0.0009046039886902864,
        0.0007940987335200904,
        0.0006548539886902864,
        0.0005005000000000001,
        0.0003461460113097139,
        0.00020690126647990973,
        9.639601130971382e-05,
        2.5447270110570814e-05,
        0.001,
        0.0009938503261272714,
        0.0009755527298894294,
        0.0009455577588320898,
        0.0009046039886902864,
        0.0008536998372026805,
        0.0007940987335200904,
        0.0007272682546199037,
        0.0006548539886902864,
        0.0005786390152875954,
        0.0005005000000000001,
        0.00042236098471240487,
        0.0003461460113097139,
        0.00027373174538009644,
        0.00020690126647990973,
        0.00014730016279731955,
        9.639601130971382e-05,
        5.544224116791029e-05,
        2.5447270110570814e-05,
        7.149673872728739e-06,
        0.001,
        0.0009984602081996976,
        0.0009938503261272714,
        0.0009861987752386395,
        0.0009755527298894294,
        0.0009619778264893878,
        0.0009455577588320898,
        0.0009263937620948692,
        0.0009046039886902864,
        0.0008803227798172156,
        0.0008536998372026805,
        0.000824899300140927,
        0.0007940987335200904,
        0.0007614880330756165,
        0.0007272682546199037,
        0.0006916503744663625,
        0.0006548539886902864,
        0.0006171059592460249,
        0.0005786390152875954,
        0.0005396903183160586,
        0.0005005000000000001,
        0.0004613096816839416,
        0.00042236098471240487,
        0.00038389404075397536,
        0.0003461460113097139,
        0.00030934962553363774
    ]
}