{
    "epochs": [
        1,
        2,
        3,
        4,
        5,
        6,
        7,
        8,
        9,
        10,
        11,
        12,
        13,
        14,
        15,
        16,
        17,
        18,
        19,
        20,
        21,
        22,
        23,
        24,
        25,
        26,
        27,
        28,
        29,
        30,
        31,
        32,
        33,
        34,
        35,
        36,
        37,
        38,
        39
    ],
    "train_loss": [
        2.1271049127578734,
        1.3235213403701782,
        1.1745689697265624,
        1.0951986274719239,
        1.044882025718689,
        1.011030942440033,
        0.9836984734535217,
        0.9634745793342591,
        0.9481713619232178,
        0.9355664424896241,
        0.9248969583511353,
        0.9169048562049865,
        0.9089645404815674,
        0.902276180267334,
        0.8964357128143311,
        0.8915861506462097,
        0.8876497592926026,
        0.8835822377204895,
        0.8797505664825439,
        0.8768306908607483,
        0.8736757154464722,
        0.8712829546928406,
        0.8685077357292176,
        0.8670516057014466,
        0.8642568702697754,
        0.8624760608673095,
        0.8606528940200806,
        0.8588852376937867,
        0.8575390458106995,
        0.8560653553009033,
        0.8547284836769105,
        0.8535795559883118,
        0.8522832469940186,
        0.8512792415618896,
        0.850264310836792,
        0.8489208698272706,
        0.8480637288093567,
        0.8471146669387818,
        0.8462590703964233
    ],
    "train_acc": [
        69.325,
        90.58125,
        94.5625,
        96.16875,
        97.58125,
        98.38125,
        98.8625,
        99.25625,
        99.5,
        99.64375,
        99.71875,
        99.83125,
        99.86875,
        99.91875,
        99.93125,
        99.95,
        99.95,
        99.975,
        99.96875,
        99.9875,
        99.9875,
        99.99375,
        99.99375,
        99.9875,
        100.0,
        100.0,
        100.0,
        100.0,
        100.0,
        100.0,
        100.0,
        100.0,
        100.0,
        100.0,
        100.0,
        100.0,
        100.0,
        100.0,
        100.0
    ],
    "val_loss": [
        1.4402526416778565,
        1.2469485607147217,
        1.1647875537872314,
        1.0998359518051148,
        1.0567546396255494,
        1.0284194402694702,
        1.003328978538513,
        0.9829411401748657,
        0.9671078267097473,
        0.9547462725639343,
        0.9451820850372314,
        0.9336916999816894,
        0.9285264782905579,
        0.9207736721038818,
        0.9123609647750854,
        0.9086359601020813,
        0.9031762347221375,
        0.8985147399902343,
        0.8944428453445434,
        0.8920431175231933,
        0.8888408026695251,
        0.8843842082023621,
        0.8837867941856384,
        0.8817311840057374,
        0.878439227104187,
        0.876809335231781,
        0.874033878326416,
        0.8728050689697265,
        0.8709921760559082,
        0.869832510471344,
        0.8678594450950623,
        0.8687415056228638,
        0.8663288173675537,
        0.8649337611198425,
        0.8646979002952576,
        0.8608593626022338,
        0.8615720653533936,
        0.8610141859054565,
        0.8596806554794312
    ],
    "val_acc": [
        87.275,
        92.45,
        93.775,
        95.6,
        97.125,
        97.725,
        98.2,
        98.65,
        98.975,
        99.325,
        99.225,
        99.475,
        99.6,
        99.65,
        99.675,
        99.675,
        99.75,
        99.85,
        99.75,
        99.8,
        99.85,
        99.8,
        99.8,
        99.9,
        99.9,
        99.8,
        99.8,
        99.75,
        99.8,
        99.8,
        99.9,
        99.8,
        99.8,
        99.8,
        99.8,
        99.8,
        99.8,
        99.8,
        99.8
    ]
}