{
    "epochs": [
        1,
        2,
        3,
        4,
        5,
        6,
        7,
        8,
        9,
        10,
        11,
        12,
        13,
        14,
        15,
        16,
        17,
        18,
        19,
        20,
        21,
        22,
        23,
        24,
        25,
        26,
        27,
        28,
        29,
        30,
        31,
        32,
        33,
        34,
        35,
        36,
        37
    ],
    "train_loss": [
        2.1307860174179076,
        1.3255140495300293,
        1.1762848587036132,
        1.096098693370819,
        1.0456427612304688,
        1.0102919020652772,
        0.9840897388458252,
        0.964951138973236,
        0.9488671798706054,
        0.9358801474571228,
        0.9251496500968933,
        0.9171688947677612,
        0.9084871459007263,
        0.9023897285461426,
        0.896757523059845,
        0.8916275882720948,
        0.887076828956604,
        0.8832118244171142,
        0.880114287853241,
        0.8765961437225341,
        0.8735155873298645,
        0.871514087677002,
        0.8686744146347046,
        0.8662871823310853,
        0.8645029726028443,
        0.8624270224571228,
        0.8611394605636596,
        0.8594305529594422,
        0.8575109438896179,
        0.8559519591331481,
        0.8547964787483215,
        0.8531670889854431,
        0.8522168898582458,
        0.8511687951087952,
        0.8503313302993775,
        0.8489515566825867,
        0.8483672037124633
    ],
    "train_acc": [
        69.36875,
        90.3125,
        94.3625,
        96.26875,
        97.55,
        98.34375,
        98.80625,
        99.3125,
        99.475,
        99.68125,
        99.7625,
        99.80625,
        99.875,
        99.9375,
        99.8875,
        99.975,
        99.9625,
        99.975,
        99.975,
        99.9875,
        99.9875,
        99.9875,
        99.99375,
        99.99375,
        99.9875,
        100.0,
        100.0,
        100.0,
        100.0,
        99.99375,
        100.0,
        100.0,
        100.0,
        100.0,
        100.0,
        100.0,
        100.0
    ],
    "val_loss": [
        1.4438870735168456,
        1.2535729475021362,
        1.1590978507995606,
        1.0987465562820435,
        1.056581286430359,
        1.0270597238540649,
        1.005866937637329,
        0.9868302230834961,
        0.9686332607269287,
        0.9562639474868775,
        0.9434045314788818,
        0.9339450058937073,
        0.9260758495330811,
        0.9210944004058838,
        0.9135993289947509,
        0.9073278722763062,
        0.9024898018836975,
        0.8988302416801452,
        0.8944420719146728,
        0.8920565204620361,
        0.887654239654541,
        0.8869119396209717,
        0.8832889776229859,
        0.8804378437995911,
        0.8778154549598693,
        0.8765442380905152,
        0.8745428023338317,
        0.8728649673461915,
        0.8704565296173096,
        0.8697003026008606,
        0.8680421514511109,
        0.8662004222869873,
        0.8651443786621094,
        0.8643930878639221,
        0.8635869688987732,
        0.8632884969711304,
        0.8632025332450867
    ],
    "val_acc": [
        87.425,
        91.85,
        94.4,
        96.35,
        96.975,
        97.9,
        98.275,
        98.475,
        98.95,
        99.2,
        99.35,
        99.475,
        99.525,
        99.6,
        99.65,
        99.7,
        99.7,
        99.8,
        99.75,
        99.65,
        99.8,
        99.9,
        99.8,
        99.75,
        99.8,
        99.8,
        99.8,
        99.8,
        99.8,
        99.8,
        99.8,
        99.8,
        99.8,
        99.8,
        99.8,
        99.8,
        99.8
    ]
}