{
    "best_params": {
        "C": 100,
        "gamma": "auto",
        "kernel": "rbf"
    },
    "best_cv_score": 0.9878124881867735,
    "val_accuracy": 0.998,
    "training_time_seconds": 9413.529798030853,
    "cv_results": {
        "mean_test_scores": [
            0.7608123028311692,
            0.9868748827172902,
            0.7354372752908981,
            0.9868748827172902,
            0.7101873610257746,
            0.9868748827172902,
            0.60525149291647,
            0.9868748827172902,
            0.9573747731186705,
            0.9868748827172902,
            0.943937300355738,
            0.9868748827172902,
            0.9310623744692705,
            0.9868748827172902,
            0.9767501521526011,
            0.9868748827172902,
            0.9873124569348201,
            0.9868748827172902,
            0.9874999803723203,
            0.9868748827172902,
            0.986187445208014,
            0.9868748827172902,
            0.9776252068435193,
            0.9868748827172902,
            0.9873749608413144,
            0.9868748827172902,
            0.9878124881867735,
            0.9868748827172902,
            0.9874999686543026,
            0.9868748827172902,
            0.9776252068435193,
            0.9868748827172902
        ],
        "std_test_scores": [
            0.002313248150202986,
            0.0030586548125503196,
            0.003583979933276575,
            0.0030586548125503196,
            0.0031065740930983987,
            0.0030586548125503196,
            0.041626741863787536,
            0.0030586548125503196,
            0.002571431129266644,
            0.0030586548125503196,
            0.0023214107098030318,
            0.0030586548125503196,
            0.0020883156838448227,
            0.0030586548125503196,
            0.003446226412323132,
            0.0030586548125503196,
            0.002874000208457401,
            0.0030586548125503196,
            0.002078780850451894,
            0.0030586548125503196,
            0.002231277879422465,
            0.0030586548125503196,
            0.003793363467591216,
            0.0030586548125503196,
            0.00294249396899454,
            0.0030586548125503196,
            0.0023768521190322897,
            0.0030586548125503196,
            0.002323760635871084,
            0.0030586548125503196,
            0.003793363467591216,
            0.0030586548125503196
        ],
        "params": [
            "{'C': 0.1, 'gamma': 'scale', 'kernel': 'rbf'}",
            "{'C': 0.1, 'gamma': 'scale', 'kernel': 'linear'}",
            "{'C': 0.1, 'gamma': 'auto', 'kernel': 'rbf'}",
            "{'C': 0.1, 'gamma': 'auto', 'kernel': 'linear'}",
            "{'C': 0.1, 'gamma': 0.001, 'kernel': 'rbf'}",
            "{'C': 0.1, 'gamma': 0.001, 'kernel': 'linear'}",
            "{'C': 0.1, 'gamma': 0.01, 'kernel': 'rbf'}",
            "{'C': 0.1, 'gamma': 0.01, 'kernel': 'linear'}",
            "{'C': 1, 'gamma': 'scale', 'kernel': 'rbf'}",
            "{'C': 1, 'gamma': 'scale', 'kernel': 'linear'}",
            "{'C': 1, 'gamma': 'auto', 'kernel': 'rbf'}",
            "{'C': 1, 'gamma': 'auto', 'kernel': 'linear'}",
            "{'C': 1, 'gamma': 0.001, 'kernel': 'rbf'}",
            "{'C': 1, 'gamma': 0.001, 'kernel': 'linear'}",
            "{'C': 1, 'gamma': 0.01, 'kernel': 'rbf'}",
            "{'C': 1, 'gamma': 0.01, 'kernel': 'linear'}",
            "{'C': 10, 'gamma': 'scale', 'kernel': 'rbf'}",
            "{'C': 10, 'gamma': 'scale', 'kernel': 'linear'}",
            "{'C': 10, 'gamma': 'auto', 'kernel': 'rbf'}",
            "{'C': 10, 'gamma': 'auto', 'kernel': 'linear'}",
            "{'C': 10, 'gamma': 0.001, 'kernel': 'rbf'}",
            "{'C': 10, 'gamma': 0.001, 'kernel': 'linear'}",
            "{'C': 10, 'gamma': 0.01, 'kernel': 'rbf'}",
            "{'C': 10, 'gamma': 0.01, 'kernel': 'linear'}",
            "{'C': 100, 'gamma': 'scale', 'kernel': 'rbf'}",
            "{'C': 100, 'gamma': 'scale', 'kernel': 'linear'}",
            "{'C': 100, 'gamma': 'auto', 'kernel': 'rbf'}",
            "{'C': 100, 'gamma': 'auto', 'kernel': 'linear'}",
            "{'C': 100, 'gamma': 0.001, 'kernel': 'rbf'}",
            "{'C': 100, 'gamma': 0.001, 'kernel': 'linear'}",
            "{'C': 100, 'gamma': 0.01, 'kernel': 'rbf'}",
            "{'C': 100, 'gamma': 0.01, 'kernel': 'linear'}"
        ]
    }
}