{
    "best_params": {
        "C": 0.1,
        "max_iter": 1000,
        "penalty": "l2",
        "solver": "lbfgs"
    },
    "best_cv_score": 1.0,
    "val_accuracy": 0.6095483870967742,
    "training_time_seconds": 31.294204235076904,
    "cv_results": {
        "mean_test_scores": [
            0.9977500351364762,
            1.0,
            1.0,
            1.0,
            1.0
        ],
        "std_test_scores": [
            0.0004590927766165047,
            0.0,
            0.0,
            0.0,
            0.0
        ],
        "params": [
            "{'C': 0.01, 'max_iter': 1000, 'penalty': 'l2', 'solver': 'lbfgs'}",
            "{'C': 0.1, 'max_iter': 1000, 'penalty': 'l2', 'solver': 'lbfgs'}",
            "{'C': 1, 'max_iter': 1000, 'penalty': 'l2', 'solver': 'lbfgs'}",
            "{'C': 10, 'max_iter': 1000, 'penalty': 'l2', 'solver': 'lbfgs'}",
            "{'C': 100, 'max_iter': 1000, 'penalty': 'l2', 'solver': 'lbfgs'}"
        ]
    },
    "coefficient_stats": {
        "shape": [
            100,
            384
        ],
        "mean_abs": 0.05715224018142467,
        "std": 0.07425428988316354,
        "max": 0.36805605831232924,
        "min": -0.36710410387810166
    }
}