{
    "best_val_accuracy": 59.12258064516129,
    "final_train_loss": 0.8474751234054565,
    "final_val_loss": 2.609459852526265,
    "training_time_seconds": 6.43850040435791,
    "epochs_trained": 18
}