{
    "epochs": [
        1,
        2,
        3,
        4,
        5
    ],
    "train_loss": [
        1.8328446615934373,
        1.2644439165592194,
        1.1810356976985932,
        1.1387652111649513,
        1.1106372177004815
    ],
    "train_acc": [
        73.25625,
        89.51875,
        92.41875,
        93.78125,
        94.79375
    ],
    "val_loss": [
        1.2636006944179534,
        1.1500205323696135,
        1.0797963798046113,
        1.0565215628147124,
        1.034373771429062
    ],
    "val_acc": [
        89.225,
        93.125,
        95.2,
        95.4,
        96.425
    ],
    "learning_rates": [
        0.0009755527298894294,
        0.0009046039886902864,
        0.0007940987335200904,
        0.0006548539886902864,
        0.0005005000000000001
    ]
}