{
    "linear_probe_imagenet_base": {
        "overall": {
            "N": 207,
            "top1": 33.33333333333333,
            "top5": 57.00483091787439,
            "mrr": 0.44498715147961887
        },
        "with_pairs": {
            "N": 153,
            "top1": 32.6797385620915,
            "top5": 56.86274509803921,
            "mrr": 0.442359617309613
        },
        "without_pairs": {
            "N": 54,
            "top1": 35.18518518518518,
            "top5": 57.407407407407405,
            "mrr": 0.4524318316279687
        }
    },
    "linear_probe_imagenet_small": {
        "overall": {
            "N": 207,
            "top1": 17.874396135265698,
            "top5": 39.130434782608695,
            "mrr": 0.29560352587529076
        },
        "with_pairs": {
            "N": 153,
            "top1": 18.30065359477124,
            "top5": 37.254901960784316,
            "mrr": 0.2901636598822021
        },
        "without_pairs": {
            "N": 54,
            "top1": 16.666666666666664,
            "top5": 44.44444444444444,
            "mrr": 0.31101647952237566
        }
    },
    "linear_probe_plant_pretrained_base": {
        "overall": {
            "N": 207,
            "top1": 30.917874396135264,
            "top5": 53.62318840579711,
            "mrr": 0.41787787954287625
        },
        "with_pairs": {
            "N": 153,
            "top1": 28.104575163398692,
            "top5": 54.248366013071895,
            "mrr": 0.40356296612071146
        },
        "without_pairs": {
            "N": 54,
            "top1": 38.88888888888889,
            "top5": 51.85185185185185,
            "mrr": 0.45843680090567646
        }
    },
    "logistic_regression_imagenet_base": {
        "overall": {
            "N": 207,
            "top1": 44.44444444444444,
            "top5": 70.04830917874396,
            "mrr": 0.5640971695861826
        },
        "with_pairs": {
            "N": 153,
            "top1": 42.48366013071895,
            "top5": 69.93464052287581,
            "mrr": 0.5539555035599381
        },
        "without_pairs": {
            "N": 54,
            "top1": 50.0,
            "top5": 70.37037037037037,
            "mrr": 0.5928318899938758
        }
    },
    "logistic_regression_imagenet_small": {
        "overall": {
            "N": 207,
            "top1": 31.40096618357488,
            "top5": 53.14009661835749,
            "mrr": 0.42778376336738594
        },
        "with_pairs": {
            "N": 153,
            "top1": 30.065359477124183,
            "top5": 50.326797385620914,
            "mrr": 0.4090997018830522
        },
        "without_pairs": {
            "N": 54,
            "top1": 35.18518518518518,
            "top5": 61.111111111111114,
            "mrr": 0.4807219375729981
        }
    },
    "logistic_regression_plant_pretrained_base": {
        "overall": {
            "N": 207,
            "top1": 38.64734299516908,
            "top5": 59.90338164251207,
            "mrr": 0.4895943786028335
        },
        "with_pairs": {
            "N": 153,
            "top1": 39.21568627450981,
            "top5": 58.82352941176471,
            "mrr": 0.4899410217653472
        },
        "without_pairs": {
            "N": 54,
            "top1": 37.03703703703704,
            "top5": 62.96296296296296,
            "mrr": 0.4886122229757114
        }
    },
    "svm_imagenet_base": {
        "overall": {
            "N": 207,
            "top1": 38.64734299516908,
            "top5": 60.38647342995169,
            "mrr": 0.5030292964503935
        },
        "with_pairs": {
            "N": 153,
            "top1": 38.56209150326798,
            "top5": 60.78431372549019,
            "mrr": 0.5052787879372429
        },
        "without_pairs": {
            "N": 54,
            "top1": 38.88888888888889,
            "top5": 59.25925925925925,
            "mrr": 0.49665573723765344
        }
    },
    "svm_imagenet_small": {
        "overall": {
            "N": 207,
            "top1": 25.60386473429952,
            "top5": 49.275362318840585,
            "mrr": 0.3814733100871735
        },
        "with_pairs": {
            "N": 153,
            "top1": 22.875816993464053,
            "top5": 48.36601307189542,
            "mrr": 0.3656183629514062
        },
        "without_pairs": {
            "N": 54,
            "top1": 33.33333333333333,
            "top5": 51.85185185185185,
            "mrr": 0.42639566030518067
        }
    },
    "svm_plant_pretrained_base": {
        "overall": {
            "N": 207,
            "top1": 16.908212560386474,
            "top5": 30.434782608695656,
            "mrr": 0.267378344163103
        },
        "with_pairs": {
            "N": 153,
            "top1": 15.032679738562091,
            "top5": 28.75816993464052,
            "mrr": 0.24691336890526067
        },
        "without_pairs": {
            "N": 54,
            "top1": 22.22222222222222,
            "top5": 35.18518518518518,
            "mrr": 0.32536244072698994
        }
    }
}