{
    "overall": {
        "N": 207,
        "top1": 30.917874396135264,
        "top5": 53.62318840579711,
        "mrr": 0.41787787954287625
    },
    "with_pairs": {
        "N": 153,
        "top1": 28.104575163398692,
        "top5": 54.248366013071895,
        "mrr": 0.40356296612071146
    },
    "without_pairs": {
        "N": 54,
        "top1": 38.88888888888889,
        "top5": 51.85185185185185,
        "mrr": 0.45843680090567646
    }
}