{
    "overall": {
        "N": 207,
        "top1": 17.874396135265698,
        "top5": 39.130434782608695,
        "mrr": 0.29560352587529076
    },
    "with_pairs": {
        "N": 153,
        "top1": 18.30065359477124,
        "top5": 37.254901960784316,
        "mrr": 0.2901636598822021
    },
    "without_pairs": {
        "N": 54,
        "top1": 16.666666666666664,
        "top5": 44.44444444444444,
        "mrr": 0.31101647952237566
    }
}