{
    "overall": {
        "N": 207,
        "top1": 33.33333333333333,
        "top5": 57.00483091787439,
        "mrr": 0.44498715147961887
    },
    "with_pairs": {
        "N": 153,
        "top1": 32.6797385620915,
        "top5": 56.86274509803921,
        "mrr": 0.442359617309613
    },
    "without_pairs": {
        "N": 54,
        "top1": 35.18518518518518,
        "top5": 57.407407407407405,
        "mrr": 0.4524318316279687
    }
}