{
    "overall": {
        "N": 207,
        "top1": 38.64734299516908,
        "top5": 59.90338164251207,
        "mrr": 0.4895943786028335
    },
    "with_pairs": {
        "N": 153,
        "top1": 39.21568627450981,
        "top5": 58.82352941176471,
        "mrr": 0.4899410217653472
    },
    "without_pairs": {
        "N": 54,
        "top1": 37.03703703703704,
        "top5": 62.96296296296296,
        "mrr": 0.4886122229757114
    }
}