{
    "overall": {
        "N": 207,
        "top1": 31.40096618357488,
        "top5": 53.14009661835749,
        "mrr": 0.42778376336738594
    },
    "with_pairs": {
        "N": 153,
        "top1": 30.065359477124183,
        "top5": 50.326797385620914,
        "mrr": 0.4090997018830522
    },
    "without_pairs": {
        "N": 54,
        "top1": 35.18518518518518,
        "top5": 61.111111111111114,
        "mrr": 0.4807219375729981
    }
}