{
    "overall": {
        "N": 207,
        "top1": 44.44444444444444,
        "top5": 70.04830917874396,
        "mrr": 0.5640971695861826
    },
    "with_pairs": {
        "N": 153,
        "top1": 42.48366013071895,
        "top5": 69.93464052287581,
        "mrr": 0.5539555035599381
    },
    "without_pairs": {
        "N": 54,
        "top1": 50.0,
        "top5": 70.37037037037037,
        "mrr": 0.5928318899938758
    }
}