{
    "overall": {
        "N": 207,
        "top1": 16.908212560386474,
        "top5": 30.434782608695656,
        "mrr": 0.267378344163103
    },
    "with_pairs": {
        "N": 153,
        "top1": 15.032679738562091,
        "top5": 28.75816993464052,
        "mrr": 0.24691336890526067
    },
    "without_pairs": {
        "N": 54,
        "top1": 22.22222222222222,
        "top5": 35.18518518518518,
        "mrr": 0.32536244072698994
    }
}