{
    "overall": {
        "N": 207,
        "top1": 38.64734299516908,
        "top5": 60.38647342995169,
        "mrr": 0.5030292964503935
    },
    "with_pairs": {
        "N": 153,
        "top1": 38.56209150326798,
        "top5": 60.78431372549019,
        "mrr": 0.5052787879372429
    },
    "without_pairs": {
        "N": 54,
        "top1": 38.88888888888889,
        "top5": 59.25925925925925,
        "mrr": 0.49665573723765344
    }
}