{
    "overall": {
        "N": 207,
        "top1": 25.60386473429952,
        "top5": 49.275362318840585,
        "mrr": 0.3814733100871735
    },
    "with_pairs": {
        "N": 153,
        "top1": 22.875816993464053,
        "top5": 48.36601307189542,
        "mrr": 0.3656183629514062
    },
    "without_pairs": {
        "N": 54,
        "top1": 33.33333333333333,
        "top5": 51.85185185185185,
        "mrr": 0.42639566030518067
    }
}