{
    "linear_probe_imagenet_base": {
        "overall": {
            "N": 207,
            "top1": 73.91304347826086,
            "top5": 84.05797101449275,
            "mrr": 0.7855968947019943
        },
        "with_pairs": {
            "N": 153,
            "top1": 92.15686274509804,
            "top5": 96.73202614379085,
            "mrr": 0.9410377966976264
        },
        "without_pairs": {
            "N": 54,
            "top1": 22.22222222222222,
            "top5": 48.148148148148145,
            "mrr": 0.3451810057143707
        }
    },
    "linear_probe_imagenet_large": {
        "overall": {
            "N": 207,
            "top1": 76.81159420289855,
            "top5": 85.5072463768116,
            "mrr": 0.8058532067221537
        },
        "with_pairs": {
            "N": 153,
            "top1": 96.07843137254902,
            "top5": 98.0392156862745,
            "mrr": 0.9679163973281619
        },
        "without_pairs": {
            "N": 54,
            "top1": 22.22222222222222,
            "top5": 50.0,
            "mrr": 0.3466741666717963
        }
    },
    "logistic_regression_imagenet_base": {
        "overall": {
            "N": 207,
            "top1": 75.84541062801932,
            "top5": 88.88888888888889,
            "mrr": 0.8169196646831115
        },
        "with_pairs": {
            "N": 153,
            "top1": 92.81045751633987,
            "top5": 98.69281045751634,
            "mrr": 0.9534158107687518
        },
        "without_pairs": {
            "N": 54,
            "top1": 27.77777777777778,
            "top5": 61.111111111111114,
            "mrr": 0.43018058410713034
        }
    },
    "logistic_regression_imagenet_large": {
        "overall": {
            "N": 207,
            "top1": 76.81159420289855,
            "top5": 89.3719806763285,
            "mrr": 0.8265604395242653
        },
        "with_pairs": {
            "N": 153,
            "top1": 95.42483660130719,
            "top5": 99.34640522875817,
            "mrr": 0.9701507196685596
        },
        "without_pairs": {
            "N": 54,
            "top1": 24.074074074074073,
            "top5": 61.111111111111114,
            "mrr": 0.41972131244876465
        }
    },
    "logistic_regression_imagenet_small": {
        "overall": {
            "N": 207,
            "top1": 68.11594202898551,
            "top5": 80.67632850241546,
            "mrr": 0.7412561942359571
        },
        "with_pairs": {
            "N": 153,
            "top1": 87.58169934640523,
            "top5": 95.42483660130719,
            "mrr": 0.9127680745500814
        },
        "without_pairs": {
            "N": 54,
            "top1": 12.962962962962962,
            "top5": 38.88888888888889,
            "mrr": 0.25530586667927113
        }
    },
    "logistic_regression_plant_pretrained_base": {
        "overall": {
            "N": 207,
            "top1": 75.84541062801932,
            "top5": 88.88888888888889,
            "mrr": 0.8169196646831115
        },
        "with_pairs": {
            "N": 153,
            "top1": 92.81045751633987,
            "top5": 98.69281045751634,
            "mrr": 0.9534158107687518
        },
        "without_pairs": {
            "N": 54,
            "top1": 27.77777777777778,
            "top5": 61.111111111111114,
            "mrr": 0.43018058410713034
        }
    },
    "svm_imagenet_large": {
        "overall": {
            "N": 207,
            "top1": 73.91304347826086,
            "top5": 85.02415458937197,
            "mrr": 0.786890341880483
        },
        "with_pairs": {
            "N": 153,
            "top1": 94.77124183006535,
            "top5": 99.34640522875817,
            "mrr": 0.9631907308377897
        },
        "without_pairs": {
            "N": 54,
            "top1": 14.814814814814813,
            "top5": 44.44444444444444,
            "mrr": 0.2873725731681141
        }
    }
}