{
    "overall": {
        "N": 207,
        "top1": 73.91304347826086,
        "top5": 84.05797101449275,
        "mrr": 0.7855968947019943
    },
    "with_pairs": {
        "N": 153,
        "top1": 92.15686274509804,
        "top5": 96.73202614379085,
        "mrr": 0.9410377966976264
    },
    "without_pairs": {
        "N": 54,
        "top1": 22.22222222222222,
        "top5": 48.148148148148145,
        "mrr": 0.3451810057143707
    }
}