{
    "overall": {
        "N": 207,
        "top1": 76.81159420289855,
        "top5": 85.5072463768116,
        "mrr": 0.8058532067221537
    },
    "with_pairs": {
        "N": 153,
        "top1": 96.07843137254902,
        "top5": 98.0392156862745,
        "mrr": 0.9679163973281619
    },
    "without_pairs": {
        "N": 54,
        "top1": 22.22222222222222,
        "top5": 50.0,
        "mrr": 0.3466741666717963
    }
}