{
    "overall": {
        "N": 207,
        "top1": 76.81159420289855,
        "top5": 89.3719806763285,
        "mrr": 0.8265604395242653
    },
    "with_pairs": {
        "N": 153,
        "top1": 95.42483660130719,
        "top5": 99.34640522875817,
        "mrr": 0.9701507196685596
    },
    "without_pairs": {
        "N": 54,
        "top1": 24.074074074074073,
        "top5": 61.111111111111114,
        "mrr": 0.41972131244876465
    }
}