{
    "overall": {
        "N": 207,
        "top1": 68.11594202898551,
        "top5": 80.67632850241546,
        "mrr": 0.7412561942359571
    },
    "with_pairs": {
        "N": 153,
        "top1": 87.58169934640523,
        "top5": 95.42483660130719,
        "mrr": 0.9127680745500814
    },
    "without_pairs": {
        "N": 54,
        "top1": 12.962962962962962,
        "top5": 38.88888888888889,
        "mrr": 0.25530586667927113
    }
}