{
    "overall": {
        "N": 207,
        "top1": 75.84541062801932,
        "top5": 88.88888888888889,
        "mrr": 0.8169196646831115
    },
    "with_pairs": {
        "N": 153,
        "top1": 92.81045751633987,
        "top5": 98.69281045751634,
        "mrr": 0.9534158107687518
    },
    "without_pairs": {
        "N": 54,
        "top1": 27.77777777777778,
        "top5": 61.111111111111114,
        "mrr": 0.43018058410713034
    }
}