{
    "overall": {
        "N": 207,
        "top1": 73.91304347826086,
        "top5": 85.02415458937197,
        "mrr": 0.786890341880483
    },
    "with_pairs": {
        "N": 153,
        "top1": 94.77124183006535,
        "top5": 99.34640522875817,
        "mrr": 0.9631907308377897
    },
    "without_pairs": {
        "N": 54,
        "top1": 14.814814814814813,
        "top5": 44.44444444444444,
        "mrr": 0.2873725731681141
    }
}