{
    "overall": {
        "N": 207,
        "top1": 55.55555725097656,
        "top5": 69.56521606445312
    },
    "with_pairs": {
        "N": 153,
        "top1": 74.50980377197266,
        "top5": 88.8888931274414
    },
    "without_pairs": {
        "N": 54,
        "top1": 1.8518518209457397,
        "top5": 14.814814567565918
    }
}