{
    "overall": {
        "N": 207,
        "top1": 54.58937454223633,
        "top5": 70.53140258789062
    },
    "with_pairs": {
        "N": 153,
        "top1": 72.54901885986328,
        "top5": 92.15686798095703
    },
    "without_pairs": {
        "N": 54,
        "top1": 3.7037036418914795,
        "top5": 9.259259223937988
    }
}