{
    "overall": {
        "N": 54,
        "top1": 29.629629135131836,
        "top5": 57.407405853271484
    },
    "with_pairs": {
        "N": 0,
        "top1": 0.0,
        "top5": 0.0
    },
    "without_pairs": {
        "N": 54,
        "top1": 29.629629135131836,
        "top5": 57.407405853271484
    }
}