{
    "overall": {
        "N": 153,
        "top1": 73.85620880126953,
        "top5": 92.15686798095703
    },
    "with_pairs": {
        "N": 153,
        "top1": 73.85620880126953,
        "top5": 92.15686798095703
    },
    "without_pairs": {
        "N": 0,
        "top1": 0.0,
        "top5": 0.0
    }
}