{
    "overall": {
        "N": 207,
        "top1": 66.18357849121094,
        "top5": 77.77777862548828
    },
    "with_pairs": {
        "N": 153,
        "top1": 86.92810821533203,
        "top5": 96.7320327758789
    },
    "without_pairs": {
        "N": 54,
        "top1": 7.407407283782959,
        "top5": 24.074073791503906
    }
}