{
    "overall": {
        "N": 153,
        "top1": 76.47058868408203,
        "top5": 88.8888931274414
    },
    "with_pairs": {
        "N": 153,
        "top1": 76.47058868408203,
        "top5": 88.8888931274414
    },
    "without_pairs": {
        "N": 0,
        "top1": 0.0,
        "top5": 0.0
    }
}