{
    "overall": {
        "N": 153,
        "top1": 89.54248809814453,
        "top5": 97.38562774658203
    },
    "with_pairs": {
        "N": 153,
        "top1": 89.54248809814453,
        "top5": 97.38562774658203
    },
    "without_pairs": {
        "N": 0,
        "top1": 0.0,
        "top5": 0.0
    }
}