{
    "overall": {
        "N": 54,
        "top1": 12.962963104248047,
        "top5": 42.59259033203125
    },
    "with_pairs": {
        "N": 0,
        "top1": 0.0,
        "top5": 0.0
    },
    "without_pairs": {
        "N": 54,
        "top1": 12.962963104248047,
        "top5": 42.59259033203125
    }
}