{
    "epochs": [
        1,
        2,
        3,
        4,
        5,
        6,
        7,
        8,
        9,
        10,
        11,
        12,
        13,
        14,
        15,
        16,
        17,
        18,
        19
    ],
    "train_loss": [
        1.8988064670562743,
        1.0429256634712218,
        0.9354364380836487,
        0.8938612494468688,
        0.871791259765625,
        0.8572597289085389,
        0.8473955216407776,
        0.8396369519233704,
        0.833866069316864,
        0.8291242060661316,
        0.825134168624878,
        0.8219606518745423,
        0.8189707498550415,
        0.8166391830444336,
        0.8145151605606079,
        0.812628634929657,
        0.8108961000442505,
        0.8093663234710693,
        0.8080054616928101
    ],
    "train_acc": [
        78.875,
        98.70625,
        99.79375,
        99.9,
        99.9625,
        99.98125,
        100.0,
        100.0,
        100.0,
        100.0,
        100.0,
        100.0,
        100.0,
        100.0,
        100.0,
        100.0,
        100.0,
        100.0,
        100.0
    ],
    "val_loss": [
        2.069938791336552,
        2.041268112490254,
        2.0587793884277343,
        2.0724123789879583,
        2.095205642638668,
        2.10575043964386,
        2.126888278838127,
        2.1383356604422294,
        2.150738438329389,
        2.157589887188327,
        2.1772827273338073,
        2.187645669506442,
        2.1948455486912883,
        2.203076392389113,
        2.2145623422438097,
        2.2182605768634427,
        2.233301843766243,
        2.2363209462319653,
        2.2507864862257434
    ],
    "val_acc": [
        66.76129032258065,
        67.04516129032258,
        66.58064516129032,
        67.09677419354838,
        66.63225806451612,
        66.24516129032259,
        66.09032258064516,
        66.06451612903226,
        65.52258064516128,
        65.83225806451613,
        65.36774193548388,
        65.31612903225806,
        65.31612903225806,
        65.6,
        65.10967741935484,
        65.47096774193548,
        64.72258064516129,
        64.90322580645162,
        64.7741935483871
    ]
}