{
    "best_val_accuracy": 2.85,
    "final_train_loss": 4.482913029670716,
    "final_val_loss": 4.480011102676392,
    "training_time_seconds": 4275.209093332291
}