{
    "best_params": {
        "C": 10,
        "gamma": "auto",
        "kernel": "rbf"
    },
    "best_cv_score": 0.9862500545766676,
    "val_accuracy": 0.998,
    "training_time_seconds": 5375.779589176178,
    "cv_results": {
        "mean_test_scores": [
            0.7103753180299304,
            0.9838125311215903,
            0.7406252870181964,
            0.9838125311215903,
            0.666312876275802,
            0.9838125311215903,
            0.5130011406552805,
            0.9838125311215903,
            0.9483124566301516,
            0.9838125311215903,
            0.968062366946303,
            0.9838125311215903,
            0.9206251595261636,
            0.9838125311215903,
            0.971375577865255,
            0.9838125311215903,
            0.9860000272326731,
            0.9838125311215903,
            0.9862500545766676,
            0.9838125311215903,
            0.9846875858125085,
            0.9838125311215903,
            0.971813070056661,
            0.9838125311215903,
            0.9860000272326731,
            0.9838125311215903,
            0.9862500545766676,
            0.9838125311215903,
            0.9853125545693437,
            0.9838125311215903,
            0.971813070056661,
            0.9838125311215903
        ],
        "std_test_scores": [
            0.004928638430879549,
            0.0033866123094759603,
            0.004790047642724061,
            0.0033866123094759603,
            0.0047323042701090485,
            0.0033866123094759603,
            0.03959564187202037,
            0.0033866123094759603,
            0.0016807939202770027,
            0.0033866123094759603,
            0.0015130965174625164,
            0.0033866123094759603,
            0.0040252202237088235,
            0.0033866123094759603,
            0.0066020202872122905,
            0.0033866123094759603,
            0.002393008663770501,
            0.0033866123094759603,
            0.0019382167918014412,
            0.0033866123094759603,
            0.002077976564087064,
            0.0033866123094759603,
            0.006564728167383309,
            0.0033866123094759603,
            0.002393008663770501,
            0.0033866123094759603,
            0.0019382167918014412,
            0.0033866123094759603,
            0.0019381903967436805,
            0.0033866123094759603,
            0.006564728167383309,
            0.0033866123094759603
        ],
        "params": [
            "{'C': 0.1, 'gamma': 'scale', 'kernel': 'rbf'}",
            "{'C': 0.1, 'gamma': 'scale', 'kernel': 'linear'}",
            "{'C': 0.1, 'gamma': 'auto', 'kernel': 'rbf'}",
            "{'C': 0.1, 'gamma': 'auto', 'kernel': 'linear'}",
            "{'C': 0.1, 'gamma': 0.001, 'kernel': 'rbf'}",
            "{'C': 0.1, 'gamma': 0.001, 'kernel': 'linear'}",
            "{'C': 0.1, 'gamma': 0.01, 'kernel': 'rbf'}",
            "{'C': 0.1, 'gamma': 0.01, 'kernel': 'linear'}",
            "{'C': 1, 'gamma': 'scale', 'kernel': 'rbf'}",
            "{'C': 1, 'gamma': 'scale', 'kernel': 'linear'}",
            "{'C': 1, 'gamma': 'auto', 'kernel': 'rbf'}",
            "{'C': 1, 'gamma': 'auto', 'kernel': 'linear'}",
            "{'C': 1, 'gamma': 0.001, 'kernel': 'rbf'}",
            "{'C': 1, 'gamma': 0.001, 'kernel': 'linear'}",
            "{'C': 1, 'gamma': 0.01, 'kernel': 'rbf'}",
            "{'C': 1, 'gamma': 0.01, 'kernel': 'linear'}",
            "{'C': 10, 'gamma': 'scale', 'kernel': 'rbf'}",
            "{'C': 10, 'gamma': 'scale', 'kernel': 'linear'}",
            "{'C': 10, 'gamma': 'auto', 'kernel': 'rbf'}",
            "{'C': 10, 'gamma': 'auto', 'kernel': 'linear'}",
            "{'C': 10, 'gamma': 0.001, 'kernel': 'rbf'}",
            "{'C': 10, 'gamma': 0.001, 'kernel': 'linear'}",
            "{'C': 10, 'gamma': 0.01, 'kernel': 'rbf'}",
            "{'C': 10, 'gamma': 0.01, 'kernel': 'linear'}",
            "{'C': 100, 'gamma': 'scale', 'kernel': 'rbf'}",
            "{'C': 100, 'gamma': 'scale', 'kernel': 'linear'}",
            "{'C': 100, 'gamma': 'auto', 'kernel': 'rbf'}",
            "{'C': 100, 'gamma': 'auto', 'kernel': 'linear'}",
            "{'C': 100, 'gamma': 0.001, 'kernel': 'rbf'}",
            "{'C': 100, 'gamma': 0.001, 'kernel': 'linear'}",
            "{'C': 100, 'gamma': 0.01, 'kernel': 'rbf'}",
            "{'C': 100, 'gamma': 0.01, 'kernel': 'linear'}"
        ]
    }
}