{
    "best_params": {
        "C": 0.1,
        "gamma": "scale",
        "kernel": "linear"
    },
    "best_cv_score": 1.0,
    "val_accuracy": 0.6521290322580645,
    "training_time_seconds": 5754.412239074707,
    "cv_results": {
        "mean_test_scores": [
            0.920000038435098,
            1.0,
            0.8933125694746623,
            1.0,
            0.8613757566822055,
            1.0,
            0.9982500429523938,
            1.0,
            0.9995000273381353,
            1.0,
            0.9987500273322762,
            1.0,
            0.9985000234243174,
            1.0,
            1.0,
            1.0,
            1.0,
            1.0,
            1.0,
            1.0,
            1.0,
            1.0,
            1.0,
            1.0,
            1.0,
            1.0,
            1.0,
            1.0,
            1.0,
            1.0,
            1.0,
            1.0
        ],
        "std_test_scores": [
            0.002037282879159505,
            0.0,
            0.000996427695772954,
            0.0,
            0.009041609043983443,
            0.0,
            0.0005374841485597231,
            0.0,
            0.000318628206278932,
            0.0,
            0.0003185638610859422,
            0.0,
            0.00040496314223845777,
            0.0,
            0.0,
            0.0,
            0.0,
            0.0,
            0.0,
            0.0,
            0.0,
            0.0,
            0.0,
            0.0,
            0.0,
            0.0,
            0.0,
            0.0,
            0.0,
            0.0,
            0.0,
            0.0
        ],
        "params": [
            "{'C': 0.1, 'gamma': 'scale', 'kernel': 'rbf'}",
            "{'C': 0.1, 'gamma': 'scale', 'kernel': 'linear'}",
            "{'C': 0.1, 'gamma': 'auto', 'kernel': 'rbf'}",
            "{'C': 0.1, 'gamma': 'auto', 'kernel': 'linear'}",
            "{'C': 0.1, 'gamma': 0.001, 'kernel': 'rbf'}",
            "{'C': 0.1, 'gamma': 0.001, 'kernel': 'linear'}",
            "{'C': 0.1, 'gamma': 0.01, 'kernel': 'rbf'}",
            "{'C': 0.1, 'gamma': 0.01, 'kernel': 'linear'}",
            "{'C': 1, 'gamma': 'scale', 'kernel': 'rbf'}",
            "{'C': 1, 'gamma': 'scale', 'kernel': 'linear'}",
            "{'C': 1, 'gamma': 'auto', 'kernel': 'rbf'}",
            "{'C': 1, 'gamma': 'auto', 'kernel': 'linear'}",
            "{'C': 1, 'gamma': 0.001, 'kernel': 'rbf'}",
            "{'C': 1, 'gamma': 0.001, 'kernel': 'linear'}",
            "{'C': 1, 'gamma': 0.01, 'kernel': 'rbf'}",
            "{'C': 1, 'gamma': 0.01, 'kernel': 'linear'}",
            "{'C': 10, 'gamma': 'scale', 'kernel': 'rbf'}",
            "{'C': 10, 'gamma': 'scale', 'kernel': 'linear'}",
            "{'C': 10, 'gamma': 'auto', 'kernel': 'rbf'}",
            "{'C': 10, 'gamma': 'auto', 'kernel': 'linear'}",
            "{'C': 10, 'gamma': 0.001, 'kernel': 'rbf'}",
            "{'C': 10, 'gamma': 0.001, 'kernel': 'linear'}",
            "{'C': 10, 'gamma': 0.01, 'kernel': 'rbf'}",
            "{'C': 10, 'gamma': 0.01, 'kernel': 'linear'}",
            "{'C': 100, 'gamma': 'scale', 'kernel': 'rbf'}",
            "{'C': 100, 'gamma': 'scale', 'kernel': 'linear'}",
            "{'C': 100, 'gamma': 'auto', 'kernel': 'rbf'}",
            "{'C': 100, 'gamma': 'auto', 'kernel': 'linear'}",
            "{'C': 100, 'gamma': 0.001, 'kernel': 'rbf'}",
            "{'C': 100, 'gamma': 0.001, 'kernel': 'linear'}",
            "{'C': 100, 'gamma': 0.01, 'kernel': 'rbf'}",
            "{'C': 100, 'gamma': 0.01, 'kernel': 'linear'}"
        ]
    }
}