{
    "epochs": [
        1,
        2,
        3,
        4,
        5,
        6,
        7,
        8,
        9,
        10,
        11,
        12,
        13,
        14,
        15,
        16,
        17,
        18,
        19,
        20,
        21,
        22,
        23,
        24,
        25,
        26,
        27,
        28,
        29,
        30,
        31,
        32,
        33,
        34,
        35
    ],
    "train_loss": [
        2.1208911991119384,
        1.32229820728302,
        1.1736970558166504,
        1.093373682975769,
        1.0438036007881164,
        1.009406090259552,
        0.9845933532714843,
        0.963371554851532,
        0.9472848234176636,
        0.9358503379821778,
        0.9248749566078186,
        0.9157531895637512,
        0.9087839045524597,
        0.9021984767913819,
        0.8969511332511901,
        0.8908635001182557,
        0.887204788684845,
        0.8836156125068665,
        0.8799441061019897,
        0.876667350769043,
        0.8736934485435486,
        0.8711854219436646,
        0.8685824184417724,
        0.86627973985672,
        0.8645486674308777,
        0.8624106593132019,
        0.860455156326294,
        0.8585696048736572,
        0.8571663584709167,
        0.8561723985671997,
        0.8545782361030578,
        0.8532412214279175,
        0.8522798290252686,
        0.8511536045074463,
        0.8501871156692505
    ],
    "train_acc": [
        69.6875,
        90.6125,
        94.3625,
        96.425,
        97.5375,
        98.41875,
        98.8,
        99.275,
        99.54375,
        99.61875,
        99.79375,
        99.86875,
        99.9,
        99.9125,
        99.94375,
        99.94375,
        99.96875,
        99.9875,
        99.975,
        99.96875,
        99.96875,
        99.99375,
        99.99375,
        99.99375,
        99.99375,
        99.99375,
        100.0,
        99.99375,
        99.99375,
        100.0,
        100.0,
        99.99375,
        99.99375,
        100.0,
        100.0
    ],
    "val_loss": [
        1.4402602443695067,
        1.2460215120315552,
        1.151819679260254,
        1.0981048440933228,
        1.0551335034370422,
        1.0275198607444762,
        1.0042980093955993,
        0.9833252782821655,
        0.9715930094718933,
        0.9572004747390747,
        0.9469083309173584,
        0.9384829688072205,
        0.926654345035553,
        0.9193222398757934,
        0.9135928440093994,
        0.9076259422302246,
        0.904415011882782,
        0.8988746657371521,
        0.8939455642700195,
        0.892135525226593,
        0.8891046390533447,
        0.8857847337722778,
        0.8827667765617371,
        0.8800053167343139,
        0.8781779117584229,
        0.8756838874816895,
        0.8748994364738464,
        0.8725738019943238,
        0.870799735546112,
        0.8724063663482666,
        0.8679479732513428,
        0.8673615527153015,
        0.866545111656189,
        0.865426881313324,
        0.8636008830070495
    ],
    "val_acc": [
        87.15,
        91.925,
        95.15,
        96.525,
        97.125,
        97.8,
        98.3,
        98.7,
        98.725,
        99.1,
        99.275,
        99.375,
        99.55,
        99.65,
        99.475,
        99.75,
        99.775,
        99.65,
        99.75,
        99.8,
        99.8,
        99.8,
        99.8,
        99.75,
        99.8,
        99.8,
        99.8,
        99.8,
        99.8,
        99.75,
        99.8,
        99.8,
        99.8,
        99.8,
        99.8
    ]
}