{
    "epochs": [
        1,
        2,
        3,
        4,
        5,
        6,
        7,
        8,
        9,
        10,
        11,
        12,
        13,
        14,
        15,
        16,
        17,
        18
    ],
    "train_loss": [
        2.3572311954498293,
        1.2553949947357177,
        1.0677342443466187,
        0.9914916920661926,
        0.9521962938308716,
        0.9282973985671997,
        0.9118827090263367,
        0.8991760220527649,
        0.8895268616676331,
        0.8816785774230957,
        0.8751276941299438,
        0.8695467338562012,
        0.8645929923057556,
        0.8604453744888305,
        0.8566290636062622,
        0.8533664798736572,
        0.850343659877777,
        0.8474751234054565
    ],
    "train_acc": [
        67.71875,
        95.85,
        98.9,
        99.6625,
        99.7875,
        99.83125,
        99.90625,
        99.95625,
        99.95625,
        99.975,
        99.975,
        99.9875,
        99.99375,
        100.0,
        100.0,
        100.0,
        100.0,
        100.0
    ],
    "val_loss": [
        2.4448076615487375,
        2.373426137062811,
        2.3880099562368087,
        2.414619154899351,
        2.434701694426998,
        2.4509227586561635,
        2.4679300812752016,
        2.4770211693548387,
        2.496625117455759,
        2.505610221862793,
        2.5285133022185295,
        2.536143887058381,
        2.5465997663313344,
        2.5606792691753757,
        2.5715654536831765,
        2.5817532303102553,
        2.5946660943800404,
        2.609459852526265
    ],
    "val_acc": [
        57.39354838709677,
        58.70967741935484,
        59.12258064516129,
        58.70967741935484,
        58.83870967741935,
        58.45161290322581,
        58.76129032258064,
        58.86451612903226,
        58.50322580645161,
        58.78709677419355,
        58.21935483870968,
        58.116129032258065,
        57.961290322580645,
        57.987096774193546,
        57.75483870967742,
        57.44516129032258,
        57.41935483870968,
        57.26451612903226
    ]
}