{
    "epochs": [
        1,
        2,
        3,
        4,
        5,
        6,
        7,
        8,
        9,
        10,
        11,
        12,
        13,
        14,
        15,
        16,
        17,
        18,
        19,
        20,
        21,
        22,
        23,
        24,
        25,
        26,
        27,
        28,
        29,
        30,
        31,
        32,
        33,
        34,
        35,
        36,
        37,
        38,
        39,
        40,
        41,
        42,
        43,
        44,
        45,
        46,
        47,
        48,
        49,
        50,
        51,
        52,
        53,
        54,
        55,
        56,
        57,
        58,
        59
    ],
    "train_loss": [
        2.603721387863159,
        1.6128345870971679,
        1.4053365259170532,
        1.2989837245941163,
        1.2304260025024414,
        1.1815628938674927,
        1.1448332195281983,
        1.1167941522598266,
        1.0942071228027344,
        1.074312268257141,
        1.0596285104751586,
        1.0460392351150514,
        1.033798530101776,
        1.0239300475120545,
        1.0149236059188842,
        1.007714455127716,
        1.0001138501167297,
        0.9937246289253235,
        0.9874091014862061,
        0.9825096588134765,
        0.9768035922050476,
        0.9721045656204224,
        0.968420033454895,
        0.9648562302589416,
        0.9612541813850403,
        0.9579966106414795,
        0.9544896912574768,
        0.9520847229957581,
        0.949493757724762,
        0.9463653454780578,
        0.9436551623344421,
        0.9416607270240783,
        0.9399853072166443,
        0.9381205935478211,
        0.9362494902610778,
        0.9347817964553833,
        0.9333085126876831,
        0.9315648007392884,
        0.9299900212287903,
        0.9285564932823182,
        0.9266708502769471,
        0.9257242112159729,
        0.9247928380966186,
        0.9232737236022949,
        0.9221262669563294,
        0.9216016831398011,
        0.9202117428779603,
        0.9196416735649109,
        0.9181934523582459,
        0.9176091074943542,
        0.9164354920387268,
        0.9161705965995789,
        0.9151714153289795,
        0.914618408203125,
        0.9138193917274475,
        0.9133183536529541,
        0.9127334809303284,
        0.9119121427536011,
        0.9108091378211975
    ],
    "train_acc": [
        56.8625,
        83.3875,
        89.48125,
        92.31875,
        94.29375,
        95.7,
        96.48125,
        97.08125,
        97.525,
        97.91875,
        98.3375,
        98.43125,
        98.84375,
        98.9875,
        99.13125,
        99.23125,
        99.29375,
        99.40625,
        99.49375,
        99.5375,
        99.64375,
        99.69375,
        99.7375,
        99.7375,
        99.75625,
        99.7625,
        99.825,
        99.875,
        99.88125,
        99.9,
        99.91875,
        99.90625,
        99.96875,
        99.95625,
        99.95,
        99.9625,
        99.975,
        99.93125,
        99.95625,
        99.98125,
        99.975,
        99.96875,
        99.975,
        99.96875,
        99.9875,
        99.975,
        99.9875,
        99.9875,
        99.98125,
        99.9875,
        99.9875,
        99.9875,
        99.9875,
        99.9875,
        99.9875,
        100.0,
        99.98125,
        99.9875,
        99.9875
    ],
    "val_loss": [
        1.784161707878113,
        1.5072251796722411,
        1.3842126369476317,
        1.3094511890411378,
        1.2519577951431275,
        1.219983518600464,
        1.1875880823135376,
        1.1602478609085083,
        1.1395111541748046,
        1.1227336339950562,
        1.10652454662323,
        1.093380994796753,
        1.0774139804840088,
        1.0668570804595947,
        1.0628202686309813,
        1.0477765312194824,
        1.0423057203292847,
        1.0348517990112305,
        1.0278149042129516,
        1.0214725031852723,
        1.0159419684410096,
        1.0125325918197632,
        1.0064586067199708,
        1.0020539898872376,
        0.9971646776199341,
        0.9929785938262939,
        0.9892679615020752,
        0.985962703704834,
        0.9825209398269653,
        0.9782498407363892,
        0.9776568088531494,
        0.9762235941886902,
        0.9727911758422851,
        0.9701004519462585,
        0.9677524261474609,
        0.9657613191604614,
        0.9636565208435058,
        0.9607482633590698,
        0.9582966437339783,
        0.957949366569519,
        0.9558600869178772,
        0.9526835789680481,
        0.9526819310188294,
        0.9508189392089844,
        0.9511879816055298,
        0.9514437313079834,
        0.950804771900177,
        0.9466490645408631,
        0.9456235303878784,
        0.9462264156341553,
        0.9432798318862915,
        0.9449233551025391,
        0.9420083656311035,
        0.9414132323265075,
        0.9393648982048035,
        0.939141263961792,
        0.9388291049003601,
        0.9383173141479492,
        0.9375479822158813
    ],
    "val_acc": [
        78.975,
        87.125,
        90.35,
        91.75,
        93.85,
        94.625,
        95.275,
        95.6,
        96.45,
        96.35,
        96.975,
        96.825,
        97.65,
        98.025,
        97.825,
        97.975,
        97.975,
        98.6,
        98.55,
        98.625,
        98.7,
        98.65,
        98.95,
        98.875,
        99.475,
        99.175,
        99.35,
        99.4,
        99.5,
        99.475,
        99.575,
        99.5,
        99.45,
        99.525,
        99.525,
        99.55,
        99.575,
        99.55,
        99.525,
        99.625,
        99.625,
        99.625,
        99.575,
        99.7,
        99.575,
        99.425,
        99.575,
        99.575,
        99.575,
        99.575,
        99.575,
        99.7,
        99.625,
        99.625,
        99.7,
        99.7,
        99.7,
        99.7,
        99.7
    ]
}