{
    "epochs": [
        1,
        2,
        3,
        4,
        5,
        6,
        7,
        8,
        9,
        10,
        11,
        12,
        13,
        14,
        15,
        16,
        17,
        18,
        19,
        20,
        21,
        22,
        23,
        24,
        25,
        26,
        27,
        28,
        29,
        30,
        31,
        32,
        33,
        34,
        35,
        36,
        37,
        38,
        39,
        40,
        41,
        42,
        43,
        44,
        45,
        46,
        47,
        48,
        49,
        50,
        51,
        52,
        53,
        54,
        55,
        56,
        57,
        58,
        59,
        60,
        61,
        62,
        63,
        64,
        65,
        66
    ],
    "train_loss": [
        2.589979846954346,
        1.6062092065811158,
        1.4011462411880493,
        1.2960659999847413,
        1.2275947256088258,
        1.1804843788146973,
        1.142178632736206,
        1.1146761932373046,
        1.0923673868179322,
        1.0731282062530518,
        1.0577374610900878,
        1.0444098596572875,
        1.0327467699050903,
        1.0218333792686463,
        1.0135484342575074,
        1.0057048740386962,
        0.9983247570991516,
        0.9911351132392884,
        0.9866456742286682,
        0.9810135345458985,
        0.9764648494720459,
        0.9721015205383301,
        0.9675503964424134,
        0.9636176733970642,
        0.9604740390777587,
        0.9567997002601624,
        0.9542931218147278,
        0.950934937953949,
        0.9487888569831848,
        0.9464449458122254,
        0.943933886051178,
        0.9413140225410461,
        0.939552996635437,
        0.9376632299423218,
        0.9357474918365478,
        0.9339844160079956,
        0.9323340501785279,
        0.9309951457977295,
        0.9298347434997558,
        0.9277222037315369,
        0.9269695310592652,
        0.9252074656486511,
        0.9243172039985657,
        0.923609998703003,
        0.9221060218811035,
        0.9212309899330139,
        0.920166925907135,
        0.9186640610694885,
        0.9185387101173401,
        0.9172477655410767,
        0.9166596398353577,
        0.9154844188690185,
        0.9152299776077271,
        0.9145543632507325,
        0.9139132423400879,
        0.9132718873023987,
        0.9124935555458069,
        0.9120044159889221,
        0.9107097516059875,
        0.9102743663787842,
        0.9097978959083557,
        0.90931307554245,
        0.9089073638916015,
        0.9077813019752502,
        0.907663101196289,
        0.9073872532844544
    ],
    "train_acc": [
        57.30625,
        83.45,
        89.5375,
        92.475,
        94.5,
        95.40625,
        96.63125,
        97.21875,
        97.48125,
        98.0625,
        98.33125,
        98.6125,
        98.7625,
        99.0375,
        99.125,
        99.2,
        99.3875,
        99.4875,
        99.58125,
        99.5625,
        99.675,
        99.65,
        99.79375,
        99.78125,
        99.76875,
        99.83125,
        99.84375,
        99.8875,
        99.86875,
        99.9,
        99.925,
        99.95,
        99.925,
        99.94375,
        99.95,
        99.9625,
        99.95,
        99.95625,
        99.975,
        99.975,
        99.9625,
        99.98125,
        99.975,
        99.9625,
        99.9875,
        99.98125,
        99.9875,
        99.975,
        99.975,
        99.98125,
        99.98125,
        99.99375,
        99.9875,
        99.9875,
        99.98125,
        99.9875,
        99.99375,
        99.9875,
        99.99375,
        99.99375,
        99.99375,
        99.99375,
        100.0,
        99.99375,
        99.99375,
        99.99375
    ],
    "val_loss": [
        1.782019401550293,
        1.5006565799713134,
        1.3789858160018922,
        1.2991537818908692,
        1.2527453508377075,
        1.208254674911499,
        1.1806365203857423,
        1.1554129467010499,
        1.1358505172729492,
        1.1180168190002442,
        1.1037854528427125,
        1.0867960805892944,
        1.077786211013794,
        1.064822699546814,
        1.0566126680374146,
        1.047499306678772,
        1.039007649421692,
        1.0319879188537597,
        1.0252680826187133,
        1.020074155807495,
        1.0174701800346375,
        1.0108182997703552,
        1.0044431190490724,
        0.9985603332519531,
        0.9974785213470458,
        0.9929778385162353,
        0.9864988689422607,
        0.9853710808753967,
        0.9840565686225891,
        0.979712890625,
        0.9768537330627441,
        0.9742520313262939,
        0.9714529767036438,
        0.9673335647583008,
        0.9672543959617614,
        0.9645428514480591,
        0.9609780058860778,
        0.9599792032241822,
        0.9606002230644226,
        0.9556857905387879,
        0.9582758984565735,
        0.9526025171279907,
        0.9526360621452331,
        0.9524147810935975,
        0.950751799583435,
        0.9524491543769836,
        0.9488543739318848,
        0.9459745621681214,
        0.9464997658729554,
        0.9442089033126831,
        0.942548388004303,
        0.9444997806549073,
        0.9407973756790161,
        0.9407429156303406,
        0.9398141450881958,
        0.9399644327163696,
        0.9387393403053284,
        0.9355563735961914,
        0.9356021237373352,
        0.935183602809906,
        0.9368446130752563,
        0.9342761096954346,
        0.9327550010681153,
        0.9330712008476257,
        0.932407883644104,
        0.9317422399520874
    ],
    "val_acc": [
        78.25,
        87.0,
        90.05,
        92.525,
        93.375,
        94.45,
        95.475,
        95.875,
        96.05,
        96.775,
        97.025,
        97.4,
        97.55,
        97.975,
        98.2,
        98.05,
        98.5,
        98.925,
        98.8,
        98.85,
        98.625,
        98.825,
        98.775,
        99.275,
        99.125,
        99.3,
        99.35,
        99.45,
        99.425,
        99.4,
        99.5,
        99.3,
        99.525,
        99.525,
        99.475,
        99.6,
        99.675,
        99.575,
        99.45,
        99.575,
        99.5,
        99.625,
        99.625,
        99.625,
        99.575,
        99.7,
        99.6,
        99.575,
        99.625,
        99.625,
        99.8,
        99.625,
        99.725,
        99.675,
        99.625,
        99.7,
        99.7,
        99.7,
        99.7,
        99.8,
        99.7,
        99.7,
        99.7,
        99.7,
        99.7,
        99.8
    ]
}