{
    "overall": {
        "N": 207,
        "top1": 69.56521606445312,
        "top5": 79.71014404296875
    },
    "with_pairs": {
        "N": 153,
        "top1": 90.19608306884766,
        "top5": 97.38562774658203
    },
    "without_pairs": {
        "N": 54,
        "top1": 11.11111068725586,
        "top5": 29.629629135131836
    }
}