{
    "overall": {
        "N": 207,
        "top1": 57.00483322143555,
        "top5": 73.91304779052734
    },
    "with_pairs": {
        "N": 153,
        "top1": 76.47058868408203,
        "top5": 93.46405792236328
    },
    "without_pairs": {
        "N": 54,
        "top1": 1.8518518209457397,
        "top5": 18.518518447875977
    }
}