{
    "overall": {
        "N": 207,
        "top1": 54.58937454223633,
        "top5": 71.49758911132812
    },
    "with_pairs": {
        "N": 153,
        "top1": 73.2026138305664,
        "top5": 93.46405792236328
    },
    "without_pairs": {
        "N": 54,
        "top1": 1.8518518209457397,
        "top5": 9.259259223937988
    }
}