{
    "best_params": {
        "C": 0.1,
        "gamma": "scale",
        "kernel": "linear"
    },
    "best_cv_score": 0.9885624881926325,
    "val_accuracy": 0.999,
    "training_time_seconds": 12858.326526641846,
    "cv_results": {
        "mean_test_scores": [
            0.797374920296973,
            0.9885624881926325,
            0.7460622831859124,
            0.9885624881926325,
            0.7488747480538306,
            0.9885624881926325,
            0.6553802118256687,
            0.9885624881926325,
            0.9659999606743326,
            0.9885624881926325,
            0.9384999174934373,
            0.9885624881926325,
            0.9398123471955843,
            0.9885624881926325,
            0.9794377732597788,
            0.9885624881926325,
            0.9883749999091854,
            0.9885624881926325,
            0.9873749608413144,
            0.9885624881926325,
            0.9873749608413144,
            0.9885624881926325,
            0.9805002810800909,
            0.9885624881926325,
            0.9883749999091854,
            0.9885624881926325,
            0.9881249960012264,
            0.9885624881926325,
            0.9881249960012264,
            0.9885624881926325,
            0.9805002810800909,
            0.9885624881926325
        ],
        "std_test_scores": [
            0.0020465950249454563,
            0.0016131188382528107,
            0.007097339093677523,
            0.0016131188382528107,
            0.007455998278188691,
            0.0016131188382528107,
            0.06297874457600618,
            0.0016131188382528107,
            0.0010206902165096567,
            0.0016131188382528107,
            0.0016015335385908482,
            0.0016131188382528107,
            0.002075384407364069,
            0.0016131188382528107,
            0.0031849469089182325,
            0.0016131188382528107,
            0.0015310271231667326,
            0.0016131188382528107,
            0.0018898935038186347,
            0.0016131188382528107,
            0.0018898935038186347,
            0.0016131188382528107,
            0.00327089911064161,
            0.0016131188382528107,
            0.0015310271231667326,
            0.0016131188382528107,
            0.001761261935886128,
            0.0016131188382528107,
            0.001761261935886128,
            0.0016131188382528107,
            0.00327089911064161,
            0.0016131188382528107
        ],
        "params": [
            "{'C': 0.1, 'gamma': 'scale', 'kernel': 'rbf'}",
            "{'C': 0.1, 'gamma': 'scale', 'kernel': 'linear'}",
            "{'C': 0.1, 'gamma': 'auto', 'kernel': 'rbf'}",
            "{'C': 0.1, 'gamma': 'auto', 'kernel': 'linear'}",
            "{'C': 0.1, 'gamma': 0.001, 'kernel': 'rbf'}",
            "{'C': 0.1, 'gamma': 0.001, 'kernel': 'linear'}",
            "{'C': 0.1, 'gamma': 0.01, 'kernel': 'rbf'}",
            "{'C': 0.1, 'gamma': 0.01, 'kernel': 'linear'}",
            "{'C': 1, 'gamma': 'scale', 'kernel': 'rbf'}",
            "{'C': 1, 'gamma': 'scale', 'kernel': 'linear'}",
            "{'C': 1, 'gamma': 'auto', 'kernel': 'rbf'}",
            "{'C': 1, 'gamma': 'auto', 'kernel': 'linear'}",
            "{'C': 1, 'gamma': 0.001, 'kernel': 'rbf'}",
            "{'C': 1, 'gamma': 0.001, 'kernel': 'linear'}",
            "{'C': 1, 'gamma': 0.01, 'kernel': 'rbf'}",
            "{'C': 1, 'gamma': 0.01, 'kernel': 'linear'}",
            "{'C': 10, 'gamma': 'scale', 'kernel': 'rbf'}",
            "{'C': 10, 'gamma': 'scale', 'kernel': 'linear'}",
            "{'C': 10, 'gamma': 'auto', 'kernel': 'rbf'}",
            "{'C': 10, 'gamma': 'auto', 'kernel': 'linear'}",
            "{'C': 10, 'gamma': 0.001, 'kernel': 'rbf'}",
            "{'C': 10, 'gamma': 0.001, 'kernel': 'linear'}",
            "{'C': 10, 'gamma': 0.01, 'kernel': 'rbf'}",
            "{'C': 10, 'gamma': 0.01, 'kernel': 'linear'}",
            "{'C': 100, 'gamma': 'scale', 'kernel': 'rbf'}",
            "{'C': 100, 'gamma': 'scale', 'kernel': 'linear'}",
            "{'C': 100, 'gamma': 'auto', 'kernel': 'rbf'}",
            "{'C': 100, 'gamma': 'auto', 'kernel': 'linear'}",
            "{'C': 100, 'gamma': 0.001, 'kernel': 'rbf'}",
            "{'C': 100, 'gamma': 0.001, 'kernel': 'linear'}",
            "{'C': 100, 'gamma': 0.01, 'kernel': 'rbf'}",
            "{'C': 100, 'gamma': 0.01, 'kernel': 'linear'}"
        ]
    }
}