{
    "best_params": {
        "C": 0.1,
        "gamma": "scale",
        "kernel": "linear"
    },
    "best_cv_score": 1.0,
    "val_accuracy": 0.6366451612903226,
    "training_time_seconds": 3165.7913641929626,
    "cv_results": {
        "mean_test_scores": [
            0.9806249842246185,
            1.0,
            0.9717499450952279,
            1.0,
            0.9526250621260005,
            1.0,
            0.9924373554187031,
            1.0,
            1.0,
            1.0,
            0.9998749921870117,
            1.0,
            0.9996249999970704,
            1.0,
            1.0,
            1.0,
            1.0,
            1.0,
            1.0,
            1.0,
            1.0,
            1.0,
            1.0,
            1.0,
            1.0,
            1.0,
            1.0,
            1.0,
            1.0,
            1.0,
            1.0,
            1.0
        ],
        "std_test_scores": [
            0.0003544236728956119,
            0.0,
            0.00087229996560042,
            0.0,
            0.0007193568939094419,
            0.0,
            0.0027575406756471708,
            0.0,
            0.0,
            0.0,
            0.00017678774453065073,
            0.0,
            0.00030620535747636284,
            0.0,
            0.0,
            0.0,
            0.0,
            0.0,
            0.0,
            0.0,
            0.0,
            0.0,
            0.0,
            0.0,
            0.0,
            0.0,
            0.0,
            0.0,
            0.0,
            0.0,
            0.0,
            0.0
        ],
        "params": [
            "{'C': 0.1, 'gamma': 'scale', 'kernel': 'rbf'}",
            "{'C': 0.1, 'gamma': 'scale', 'kernel': 'linear'}",
            "{'C': 0.1, 'gamma': 'auto', 'kernel': 'rbf'}",
            "{'C': 0.1, 'gamma': 'auto', 'kernel': 'linear'}",
            "{'C': 0.1, 'gamma': 0.001, 'kernel': 'rbf'}",
            "{'C': 0.1, 'gamma': 0.001, 'kernel': 'linear'}",
            "{'C': 0.1, 'gamma': 0.01, 'kernel': 'rbf'}",
            "{'C': 0.1, 'gamma': 0.01, 'kernel': 'linear'}",
            "{'C': 1, 'gamma': 'scale', 'kernel': 'rbf'}",
            "{'C': 1, 'gamma': 'scale', 'kernel': 'linear'}",
            "{'C': 1, 'gamma': 'auto', 'kernel': 'rbf'}",
            "{'C': 1, 'gamma': 'auto', 'kernel': 'linear'}",
            "{'C': 1, 'gamma': 0.001, 'kernel': 'rbf'}",
            "{'C': 1, 'gamma': 0.001, 'kernel': 'linear'}",
            "{'C': 1, 'gamma': 0.01, 'kernel': 'rbf'}",
            "{'C': 1, 'gamma': 0.01, 'kernel': 'linear'}",
            "{'C': 10, 'gamma': 'scale', 'kernel': 'rbf'}",
            "{'C': 10, 'gamma': 'scale', 'kernel': 'linear'}",
            "{'C': 10, 'gamma': 'auto', 'kernel': 'rbf'}",
            "{'C': 10, 'gamma': 'auto', 'kernel': 'linear'}",
            "{'C': 10, 'gamma': 0.001, 'kernel': 'rbf'}",
            "{'C': 10, 'gamma': 0.001, 'kernel': 'linear'}",
            "{'C': 10, 'gamma': 0.01, 'kernel': 'rbf'}",
            "{'C': 10, 'gamma': 0.01, 'kernel': 'linear'}",
            "{'C': 100, 'gamma': 'scale', 'kernel': 'rbf'}",
            "{'C': 100, 'gamma': 'scale', 'kernel': 'linear'}",
            "{'C': 100, 'gamma': 'auto', 'kernel': 'rbf'}",
            "{'C': 100, 'gamma': 'auto', 'kernel': 'linear'}",
            "{'C': 100, 'gamma': 0.001, 'kernel': 'rbf'}",
            "{'C': 100, 'gamma': 0.001, 'kernel': 'linear'}",
            "{'C': 100, 'gamma': 0.01, 'kernel': 'rbf'}",
            "{'C': 100, 'gamma': 0.01, 'kernel': 'linear'}"
        ]
    }
}