{
    "epochs": [
        1,
        2,
        3,
        4,
        5,
        6,
        7,
        8,
        9,
        10,
        11,
        12,
        13,
        14,
        15,
        16,
        17,
        18,
        19,
        20
    ],
    "train_loss": [
        2.1073565887212755,
        1.4758037801980972,
        1.3768199614882468,
        1.3286069507598877,
        1.2987334882616997,
        1.3644130915403365,
        1.0269607538580894,
        0.9231023458242417,
        0.8771246083378792,
        0.8417408539652824,
        0.821003885269165,
        0.8087230900526047,
        0.8020647999048233,
        0.7987753013968468,
        0.7968391498923302,
        0.8960381827354431,
        0.8634322744011879,
        0.8303742381930351,
        0.814971383690834,
        0.8082064651846885
    ],
    "train_acc": [
        66.1125,
        83.85625,
        87.01875,
        88.5,
        89.65,
        86.375,
        96.825,
        99.0625,
        99.65625,
        99.9375,
        99.96875,
        100.0,
        99.99375,
        100.0,
        100.0,
        98.8875,
        99.48125,
        99.84375,
        99.90625,
        99.90625
    ],
    "val_loss": [
        1.4252917881011964,
        1.2966843192577362,
        1.2285253033638,
        1.1842033388614654,
        1.1625765652656554,
        1.0541148869991301,
        0.9347936472892762,
        0.8862381284236908,
        0.8510502829551697,
        0.825284113407135,
        0.8134612216949463,
        0.8051315233707428,
        0.7998852288722992,
        0.7981323826313019,
        0.7971026980876923,
        0.8807650954723358,
        0.8425579674243927,
        0.8173890531063079,
        0.8092443516254425,
        0.8079815330505371
    ],
    "val_acc": [
        85.65,
        89.475,
        91.325,
        92.875,
        93.975,
        95.275,
        98.275,
        99.45,
        99.725,
        99.8,
        99.8,
        99.8,
        99.8,
        99.8,
        99.8,
        99.15,
        99.475,
        99.75,
        99.8,
        99.775
    ],
    "learning_rates": [
        0.0009755527298894294,
        0.0009046039886902864,
        0.0007940987335200904,
        0.0006548539886902864,
        0.0005005000000000001,
        0.0009755527298894294,
        0.0009046039886902864,
        0.0007940987335200904,
        0.0006548539886902864,
        0.0005005000000000001,
        0.0003461460113097139,
        0.00020690126647990973,
        9.639601130971382e-05,
        2.5447270110570814e-05,
        0.001,
        0.0009938503261272714,
        0.0009755527298894294,
        0.0009455577588320898,
        0.0009046039886902864,
        0.0008536998372026805
    ]
}