{
    "epochs": [
        1,
        2,
        3,
        4,
        5,
        6,
        7,
        8,
        9,
        10,
        11,
        12,
        13,
        14,
        15,
        16,
        17
    ],
    "train_loss": [
        1.711451382637024,
        0.9164555001258851,
        0.8636423473358155,
        0.8435500068664551,
        0.8323793349266052,
        0.8250631499290466,
        0.8197278366088867,
        0.8156587052345275,
        0.8124254789352418,
        0.8098032178878785,
        0.8076916465759277,
        0.8057949619293213,
        0.8041913032531738,
        0.8027693486213684,
        0.8015280857086181,
        0.8004187598228455,
        0.7994296402931214
    ],
    "train_acc": [
        84.425,
        99.79375,
        99.9375,
        99.98125,
        100.0,
        100.0,
        100.0,
        100.0,
        100.0,
        100.0,
        100.0,
        100.0,
        100.0,
        100.0,
        100.0,
        100.0,
        100.0
    ],
    "val_loss": [
        2.108278370641893,
        2.0865989595228625,
        2.100650376658286,
        2.1120951080322268,
        2.1212576065063478,
        2.1304618136498235,
        2.141509239104486,
        2.1473454706745763,
        2.157224698712749,
        2.1617066760832264,
        2.173687898881974,
        2.178131856733753,
        2.1895474495733938,
        2.1917481300600112,
        2.1993161200246503,
        2.2075826371408276,
        2.216398926088887
    ],
    "val_acc": [
        68.69677419354839,
        69.44516129032257,
        68.69677419354839,
        68.46451612903226,
        68.51612903225806,
        68.36129032258064,
        68.10322580645162,
        68.07741935483871,
        67.9483870967742,
        68.23225806451613,
        67.92258064516129,
        67.79354838709678,
        67.61290322580645,
        67.71612903225807,
        67.63870967741936,
        67.27741935483871,
        67.2
    ]
}