{
    "epochs": [
        1,
        2,
        3,
        4,
        5,
        6,
        7,
        8,
        9,
        10
    ],
    "train_loss": [
        2.5655364344120026,
        1.8699803686141967,
        1.750212800502777,
        1.7022997622489928,
        1.6666254575252533,
        1.5956071166992187,
        1.1766780017614364,
        1.017970498085022,
        0.9398265781402588,
        0.8915460695028306
    ],
    "train_acc": [
        53.24375,
        72.0,
        75.2,
        76.88125,
        77.9875,
        79.65,
        93.14375,
        97.48125,
        99.1125,
        99.68125
    ],
    "val_loss": [
        1.7433378863334656,
        1.5589343299865723,
        1.4930611505508422,
        1.45091996717453,
        1.418151165008545,
        1.1940416350364684,
        1.0175111470222473,
        0.9410321073532104,
        0.8931646060943603,
        0.8618274278640747
    ],
    "val_acc": [
        77.95,
        83.45,
        85.25,
        86.025,
        87.725,
        92.85,
        97.275,
        98.575,
        99.55,
        99.5
    ],
    "learning_rates": [
        0.0009755527298894294,
        0.0009046039886902864,
        0.0007940987335200904,
        0.0006548539886902864,
        0.0005005000000000001,
        0.0009755527298894294,
        0.0009046039886902864,
        0.0007940987335200904,
        0.0006548539886902864,
        0.0005005000000000001
    ]
}