{
    "epochs": [
        1,
        2,
        3,
        4,
        5,
        6,
        7,
        8,
        9,
        10,
        11,
        12,
        13,
        14,
        15,
        16,
        17,
        18,
        19,
        20,
        21,
        22,
        23,
        24,
        25,
        26,
        27
    ],
    "train_loss": [
        2.572379956007004,
        1.8602896704673768,
        1.7521258461475373,
        1.7015331125259399,
        1.6683959906101227,
        1.600548990726471,
        1.1732532210350037,
        1.0155003888607026,
        0.9373441708087921,
        0.8894721264839173,
        0.8581463428735733,
        0.8385442719459534,
        0.8261926842927932,
        0.8189147868156433,
        0.8154613569974899,
        0.8724809997081756,
        0.8647399680614472,
        0.8549085278511047,
        0.8439874515533448,
        0.8349417777061462,
        0.8241316602230072,
        0.8173420587778092,
        0.8104624766111374,
        0.8066221476793289,
        0.8029336260557175,
        0.8002728040218353,
        0.7982150202989579
    ],
    "train_acc": [
        52.8625,
        72.20625,
        75.91875,
        76.91875,
        78.0125,
        79.0375,
        93.1125,
        97.54375,
        99.1,
        99.71875,
        99.89375,
        99.98125,
        99.99375,
        100.0,
        100.0,
        99.6625,
        99.71875,
        99.7,
        99.81875,
        99.825,
        99.8875,
        99.9125,
        99.9625,
        99.9625,
        100.0,
        99.99375,
        99.9875
    ],
    "val_loss": [
        1.7376960153579712,
        1.5749183282852173,
        1.4798891382217407,
        1.4666477999687195,
        1.4179941906929017,
        1.1677863645553588,
        1.0384472341537476,
        0.9404415102005005,
        0.8889464001655578,
        0.8622600708007813,
        0.8351797490119934,
        0.8253089990615845,
        0.8144088401794434,
        0.810491081237793,
        0.8079611349105835,
        0.8455169973373413,
        0.8454547753334045,
        0.8554789891242981,
        0.8271122269630432,
        0.8211333303451538,
        0.8178030052185059,
        0.8127935719490051,
        0.8084817433357239,
        0.8062341108322143,
        0.8040123209953308,
        0.8007102437019348,
        0.7992614769935608
    ],
    "val_acc": [
        77.675,
        81.9,
        85.125,
        85.35,
        87.75,
        93.125,
        96.125,
        98.7,
        99.4,
        99.55,
        99.775,
        99.8,
        99.8,
        99.8,
        99.8,
        99.675,
        99.775,
        99.0,
        99.725,
        99.675,
        99.75,
        99.725,
        99.75,
        99.8,
        99.8,
        99.8,
        99.775
    ],
    "learning_rates": [
        0.0009755527298894294,
        0.0009046039886902864,
        0.0007940987335200904,
        0.0006548539886902864,
        0.0005005000000000001,
        0.0009755527298894294,
        0.0009046039886902864,
        0.0007940987335200904,
        0.0006548539886902864,
        0.0005005000000000001,
        0.0003461460113097139,
        0.00020690126647990973,
        9.639601130971382e-05,
        2.5447270110570814e-05,
        0.001,
        0.0009938503261272714,
        0.0009755527298894294,
        0.0009455577588320898,
        0.0009046039886902864,
        0.0008536998372026805,
        0.0007940987335200904,
        0.0007272682546199037,
        0.0006548539886902864,
        0.0005786390152875954,
        0.0005005000000000001,
        0.00042236098471240487,
        0.0003461460113097139
    ]
}