{
    "epochs": [
        1,
        2,
        3,
        4,
        5,
        6,
        7,
        8,
        9,
        10,
        11,
        12,
        13,
        14,
        15,
        16,
        17,
        18,
        19,
        20,
        21,
        22,
        23,
        24,
        25,
        26,
        27,
        28
    ],
    "train_loss": [
        1.8850350017547608,
        1.1677064085006714,
        1.0414697914123534,
        0.9804036355018616,
        0.9445555763244629,
        0.9201206178665161,
        0.9025285940170288,
        0.8898990902900695,
        0.8792640209197998,
        0.8708228411674499,
        0.863815170288086,
        0.8584673042297364,
        0.8537079401016235,
        0.8494441094398498,
        0.8455008225440979,
        0.8424328351020813,
        0.8400500593185425,
        0.837256902217865,
        0.8350224108695984,
        0.8334068360328675,
        0.831461968421936,
        0.8297173461914062,
        0.8283970627784729,
        0.8270089702606201,
        0.8256973972320557,
        0.8246859459877014,
        0.8232685570716858,
        0.8223493094444275
    ],
    "train_acc": [
        75.29375,
        93.29375,
        96.825,
        98.19375,
        98.925,
        99.375,
        99.56875,
        99.7375,
        99.825,
        99.90625,
        99.9375,
        99.96875,
        99.9625,
        99.975,
        99.9875,
        99.99375,
        99.9875,
        100.0,
        100.0,
        100.0,
        100.0,
        100.0,
        100.0,
        100.0,
        100.0,
        100.0,
        100.0,
        100.0
    ],
    "val_loss": [
        1.2746111545562744,
        1.113558310508728,
        1.0309249172210693,
        0.9895319385528565,
        0.9578988418579102,
        0.9341324691772461,
        0.9170515332221985,
        0.903083246231079,
        0.8962966074943542,
        0.8858949952125549,
        0.8772776050567627,
        0.8728087272644043,
        0.866203966140747,
        0.8631277694702149,
        0.8591169924736023,
        0.8549773511886597,
        0.8519673776626587,
        0.8491058888435363,
        0.8462683887481689,
        0.8457609901428222,
        0.8431977014541626,
        0.840852442741394,
        0.8418788552284241,
        0.8384748287200928,
        0.8381020851135254,
        0.8358710207939148,
        0.8347482886314392,
        0.8334900207519531
    ],
    "val_acc": [
        90.175,
        94.7,
        97.425,
        97.65,
        98.35,
        99.0,
        99.175,
        99.575,
        99.4,
        99.525,
        99.65,
        99.675,
        99.9,
        99.9,
        99.9,
        99.9,
        99.9,
        99.9,
        99.9,
        99.9,
        99.9,
        99.9,
        99.9,
        99.9,
        99.9,
        99.9,
        99.9,
        99.9
    ]
}