{
    "epochs": [
        1,
        2,
        3,
        4,
        5,
        6,
        7,
        8,
        9,
        10,
        11,
        12,
        13,
        14,
        15,
        16,
        17,
        18,
        19,
        20,
        21,
        22,
        23,
        24,
        25,
        26,
        27,
        28
    ],
    "train_loss": [
        1.8848221015930176,
        1.1668158054351807,
        1.0430989952087402,
        0.9823714017868042,
        0.9447687830924988,
        0.9201955208778382,
        0.9024730792045593,
        0.889435583114624,
        0.879210063457489,
        0.8706202526092529,
        0.8641836738586426,
        0.8588050622940063,
        0.8534321045875549,
        0.8494035243988037,
        0.8457898993492127,
        0.8424701886177063,
        0.8397729511260986,
        0.8374887909889221,
        0.8353311014175415,
        0.8334276127815247,
        0.8313581876754761,
        0.8298992757797241,
        0.8281639332771301,
        0.8268342971801758,
        0.8258207921981812,
        0.8246060609817505,
        0.8232328381538391,
        0.8225932488441468
    ],
    "train_acc": [
        75.2125,
        93.40625,
        96.73125,
        98.3375,
        98.86875,
        99.33125,
        99.6125,
        99.73125,
        99.8625,
        99.91875,
        99.925,
        99.94375,
        99.94375,
        99.975,
        99.99375,
        99.99375,
        100.0,
        100.0,
        100.0,
        99.99375,
        100.0,
        99.99375,
        100.0,
        100.0,
        100.0,
        100.0,
        100.0,
        100.0
    ],
    "val_loss": [
        1.2828991241455079,
        1.113727925300598,
        1.0386529750823974,
        0.9872768535614014,
        0.9600987553596496,
        0.9344454088211059,
        0.9190602922439575,
        0.9052299580574036,
        0.8952008080482483,
        0.8856058974266052,
        0.8766868915557862,
        0.8721150999069214,
        0.8653851609230041,
        0.862508400440216,
        0.857233181476593,
        0.8558705449104309,
        0.8518680806159973,
        0.8496442294120788,
        0.846932496547699,
        0.8444178056716919,
        0.8438096642494202,
        0.8410860843658448,
        0.8398009414672851,
        0.8377734427452087,
        0.83709250831604,
        0.8352326054573059,
        0.8340021696090698,
        0.8348574757575988
    ],
    "val_acc": [
        89.6,
        94.525,
        96.975,
        97.9,
        98.4,
        98.9,
        99.1,
        99.225,
        99.35,
        99.875,
        99.75,
        99.675,
        99.9,
        99.9,
        99.9,
        99.9,
        99.9,
        99.9,
        99.9,
        99.9,
        99.825,
        99.9,
        99.9,
        99.9,
        99.9,
        99.9,
        99.9,
        99.9
    ]
}