{
    "best_params": {
        "C": 0.1,
        "max_iter": 1000,
        "penalty": "l2",
        "solver": "lbfgs"
    },
    "best_cv_score": 1.0,
    "val_accuracy": 0.7016774193548387,
    "training_time_seconds": 29.86184859275818,
    "cv_results": {
        "mean_test_scores": [
            0.9996249999970704,
            1.0,
            1.0,
            1.0,
            1.0
        ],
        "std_test_scores": [
            0.00030620535747636284,
            0.0,
            0.0,
            0.0,
            0.0
        ],
        "params": [
            "{'C': 0.01, 'max_iter': 1000, 'penalty': 'l2', 'solver': 'lbfgs'}",
            "{'C': 0.1, 'max_iter': 1000, 'penalty': 'l2', 'solver': 'lbfgs'}",
            "{'C': 1, 'max_iter': 1000, 'penalty': 'l2', 'solver': 'lbfgs'}",
            "{'C': 10, 'max_iter': 1000, 'penalty': 'l2', 'solver': 'lbfgs'}",
            "{'C': 100, 'max_iter': 1000, 'penalty': 'l2', 'solver': 'lbfgs'}"
        ]
    },
    "coefficient_stats": {
        "shape": [
            100,
            768
        ],
        "mean_abs": 0.03234172463765718,
        "std": 0.04151796904441645,
        "max": 0.22540389466221195,
        "min": -0.2376164968954859
    }
}