{
    "best_params": {
        "C": 0.1,
        "gamma": "scale",
        "kernel": "linear"
    },
    "best_cv_score": 1.0,
    "val_accuracy": 0.5860645161290322,
    "training_time_seconds": 2004.479308605194,
    "cv_results": {
        "mean_test_scores": [
            0.9171874681050204,
            1.0,
            0.9588123629680361,
            1.0,
            0.8391877838821619,
            1.0,
            0.9992500117121588,
            1.0,
            0.9997500078100588,
            1.0,
            1.0,
            1.0,
            0.9986875351437998,
            1.0,
            1.0,
            1.0,
            1.0,
            1.0,
            1.0,
            1.0,
            1.0,
            1.0,
            1.0,
            1.0,
            1.0,
            1.0,
            1.0,
            1.0,
            1.0,
            1.0,
            1.0,
            1.0
        ],
        "std_test_scores": [
            0.0018723341042980793,
            0.0,
            0.0015968894315268162,
            0.0,
            0.0032199601620983027,
            0.0,
            0.0002651401970574025,
            0.0,
            0.00017677117508142282,
            0.0,
            0.0,
            0.0,
            0.00045916452517912206,
            0.0,
            0.0,
            0.0,
            0.0,
            0.0,
            0.0,
            0.0,
            0.0,
            0.0,
            0.0,
            0.0,
            0.0,
            0.0,
            0.0,
            0.0,
            0.0,
            0.0,
            0.0,
            0.0
        ],
        "params": [
            "{'C': 0.1, 'gamma': 'scale', 'kernel': 'rbf'}",
            "{'C': 0.1, 'gamma': 'scale', 'kernel': 'linear'}",
            "{'C': 0.1, 'gamma': 'auto', 'kernel': 'rbf'}",
            "{'C': 0.1, 'gamma': 'auto', 'kernel': 'linear'}",
            "{'C': 0.1, 'gamma': 0.001, 'kernel': 'rbf'}",
            "{'C': 0.1, 'gamma': 0.001, 'kernel': 'linear'}",
            "{'C': 0.1, 'gamma': 0.01, 'kernel': 'rbf'}",
            "{'C': 0.1, 'gamma': 0.01, 'kernel': 'linear'}",
            "{'C': 1, 'gamma': 'scale', 'kernel': 'rbf'}",
            "{'C': 1, 'gamma': 'scale', 'kernel': 'linear'}",
            "{'C': 1, 'gamma': 'auto', 'kernel': 'rbf'}",
            "{'C': 1, 'gamma': 'auto', 'kernel': 'linear'}",
            "{'C': 1, 'gamma': 0.001, 'kernel': 'rbf'}",
            "{'C': 1, 'gamma': 0.001, 'kernel': 'linear'}",
            "{'C': 1, 'gamma': 0.01, 'kernel': 'rbf'}",
            "{'C': 1, 'gamma': 0.01, 'kernel': 'linear'}",
            "{'C': 10, 'gamma': 'scale', 'kernel': 'rbf'}",
            "{'C': 10, 'gamma': 'scale', 'kernel': 'linear'}",
            "{'C': 10, 'gamma': 'auto', 'kernel': 'rbf'}",
            "{'C': 10, 'gamma': 'auto', 'kernel': 'linear'}",
            "{'C': 10, 'gamma': 0.001, 'kernel': 'rbf'}",
            "{'C': 10, 'gamma': 0.001, 'kernel': 'linear'}",
            "{'C': 10, 'gamma': 0.01, 'kernel': 'rbf'}",
            "{'C': 10, 'gamma': 0.01, 'kernel': 'linear'}",
            "{'C': 100, 'gamma': 'scale', 'kernel': 'rbf'}",
            "{'C': 100, 'gamma': 'scale', 'kernel': 'linear'}",
            "{'C': 100, 'gamma': 'auto', 'kernel': 'rbf'}",
            "{'C': 100, 'gamma': 'auto', 'kernel': 'linear'}",
            "{'C': 100, 'gamma': 0.001, 'kernel': 'rbf'}",
            "{'C': 100, 'gamma': 0.001, 'kernel': 'linear'}",
            "{'C': 100, 'gamma': 0.01, 'kernel': 'rbf'}",
            "{'C': 100, 'gamma': 0.01, 'kernel': 'linear'}"
        ]
    }
}