{
    "epochs": [
        1,
        2,
        3,
        4,
        5,
        6,
        7,
        8,
        9,
        10,
        11,
        12,
        13,
        14,
        15,
        16,
        17,
        18,
        19,
        20,
        21,
        22,
        23,
        24,
        25,
        26,
        27,
        28,
        29,
        30,
        31,
        32,
        33,
        34,
        35,
        36,
        37,
        38,
        39,
        40,
        41,
        42,
        43,
        44,
        45,
        46,
        47,
        48,
        49,
        50,
        51,
        52,
        53,
        54,
        55,
        56,
        57,
        58
    ],
    "train_loss": [
        2.592490763664246,
        1.6077067708969117,
        1.402333134651184,
        1.2977500820159913,
        1.2287663707733154,
        1.1797624502182007,
        1.1442587795257568,
        1.1151573438644409,
        1.0920684719085694,
        1.073754644393921,
        1.0589367280006408,
        1.0450226826667786,
        1.032574028968811,
        1.0222825436592102,
        1.0136034049987792,
        1.0063902468681336,
        0.9994642715454102,
        0.9926711277961731,
        0.9864949650764465,
        0.9818237223625184,
        0.9765228791236877,
        0.9719268245697021,
        0.9680387043952942,
        0.9642002763748169,
        0.9605278034210205,
        0.9574289379119874,
        0.9540568475723267,
        0.9513088159561157,
        0.94888046169281,
        0.9460141940116882,
        0.9438031749725342,
        0.9418392076492309,
        0.9399112691879272,
        0.9383143253326416,
        0.9359180598258973,
        0.9345947146415711,
        0.9323091988563538,
        0.9313528637886047,
        0.929254891872406,
        0.9286150884628296,
        0.9274080610275268,
        0.9261235284805298,
        0.9249552121162414,
        0.9229192786216736,
        0.9222857303619385,
        0.9209283967018127,
        0.9197809462547302,
        0.918825623512268,
        0.918389377117157,
        0.9176152076721191,
        0.9164363112449646,
        0.9159852705001831,
        0.9152070231437683,
        0.9143031568527221,
        0.9132644963264466,
        0.912549506187439,
        0.9122523369789124,
        0.9119352359771729
    ],
    "train_acc": [
        57.80625,
        84.09375,
        89.56875,
        92.43125,
        94.33125,
        95.7125,
        96.2875,
        97.14375,
        97.6125,
        97.93125,
        98.3625,
        98.525,
        98.81875,
        98.8875,
        99.13125,
        99.175,
        99.30625,
        99.44375,
        99.53125,
        99.5875,
        99.64375,
        99.7125,
        99.70625,
        99.73125,
        99.78125,
        99.8,
        99.875,
        99.8375,
        99.89375,
        99.9125,
        99.93125,
        99.925,
        99.94375,
        99.9375,
        99.9625,
        99.9375,
        99.93125,
        99.96875,
        99.94375,
        99.98125,
        99.9625,
        99.9625,
        99.975,
        99.9875,
        99.9875,
        99.98125,
        99.9875,
        99.98125,
        99.98125,
        99.99375,
        99.9875,
        99.9875,
        99.9875,
        99.98125,
        99.9875,
        99.9875,
        99.99375,
        99.99375
    ],
    "val_loss": [
        1.784787872314453,
        1.5052007369995117,
        1.3888445949554444,
        1.3082642250061036,
        1.2547358999252318,
        1.211592498779297,
        1.1787211494445802,
        1.159414628982544,
        1.1352621421813964,
        1.1197811374664306,
        1.1010391273498534,
        1.0886403932571411,
        1.0761919498443604,
        1.0667135391235352,
        1.0567943296432496,
        1.0496732687950134,
        1.0411070547103882,
        1.0334230513572693,
        1.025833375453949,
        1.019945604801178,
        1.0158080410957337,
        1.0096684975624084,
        1.0052012457847594,
        1.0026369161605835,
        0.9976516036987305,
        0.9921501445770263,
        0.9895485773086548,
        0.9851119718551635,
        0.9826441574096679,
        0.9814688372611999,
        0.9786002035140992,
        0.9732307538986206,
        0.9727478222846985,
        0.972484622001648,
        0.9679428067207336,
        0.964741259098053,
        0.9608907470703125,
        0.9622116799354553,
        0.9597935533523559,
        0.9590629224777222,
        0.9584784498214721,
        0.9570342230796814,
        0.9528620409965515,
        0.9527382655143738,
        0.9515028977394104,
        0.9485493369102478,
        0.9487302193641662,
        0.9478544716835022,
        0.9454077377319335,
        0.9461184902191162,
        0.9426885461807251,
        0.9417629737854004,
        0.941980061531067,
        0.9411272640228272,
        0.9400707316398621,
        0.9390680541992188,
        0.9381377758979798,
        0.9365793142318726
    ],
    "val_acc": [
        77.275,
        86.35,
        89.075,
        92.2,
        93.8,
        94.375,
        94.925,
        95.575,
        96.075,
        96.525,
        97.025,
        97.3,
        97.45,
        97.825,
        97.925,
        98.45,
        98.4,
        98.375,
        98.575,
        98.725,
        98.825,
        98.9,
        98.9,
        99.0,
        99.0,
        99.15,
        99.25,
        99.275,
        99.3,
        99.375,
        99.325,
        99.5,
        99.475,
        99.475,
        99.55,
        99.575,
        99.55,
        99.625,
        99.55,
        99.525,
        99.575,
        99.65,
        99.725,
        99.475,
        99.7,
        99.625,
        99.625,
        99.7,
        99.575,
        99.575,
        99.65,
        99.7,
        99.7,
        99.7,
        99.7,
        99.7,
        99.7,
        99.7
    ]
}