{
    "imagenet_base": {
        "overall": {
            "N": 207,
            "top1": 79.71014492753623,
            "top5": 87.92270531400966,
            "mrr": 0.8345229089487285
        },
        "with_pairs": {
            "N": 153,
            "top1": 96.07843137254902,
            "top5": 98.69281045751634,
            "mrr": 0.9707565854624677
        },
        "without_pairs": {
            "N": 54,
            "top1": 33.33333333333333,
            "top5": 57.407407407407405,
            "mrr": 0.44852749215980076
        }
    },
    "imagenet_small": {
        "overall": {
            "N": 207,
            "top1": 73.91304347826086,
            "top5": 81.15942028985508,
            "mrr": 0.7798128480725139
        },
        "with_pairs": {
            "N": 153,
            "top1": 93.4640522875817,
            "top5": 96.73202614379085,
            "mrr": 0.9498080713766988
        },
        "without_pairs": {
            "N": 54,
            "top1": 18.51851851851852,
            "top5": 37.03703703703704,
            "mrr": 0.2981597153773237
        }
    },
    "plant_pretrained_base": {
        "overall": {
            "N": 207,
            "top1": 10.628019323671497,
            "top5": 31.88405797101449,
            "mrr": 0.21170471951744077
        },
        "with_pairs": {
            "N": 153,
            "top1": 14.37908496732026,
            "top5": 43.13725490196079,
            "mrr": 0.2798923368142571
        },
        "without_pairs": {
            "N": 54,
            "top1": 0.0,
            "top5": 0.0,
            "mrr": 0.018506470509794554
        }
    }
}