{
    "overall": {
        "N": 207,
        "top1": 73.91304347826086,
        "top5": 81.15942028985508,
        "mrr": 0.7798128480725139
    },
    "with_pairs": {
        "N": 153,
        "top1": 93.4640522875817,
        "top5": 96.73202614379085,
        "mrr": 0.9498080713766988
    },
    "without_pairs": {
        "N": 54,
        "top1": 18.51851851851852,
        "top5": 37.03703703703704,
        "mrr": 0.2981597153773237
    }
}