{
    "overall": {
        "N": 207,
        "top1": 79.71014492753623,
        "top5": 87.92270531400966,
        "mrr": 0.8345229089487285
    },
    "with_pairs": {
        "N": 153,
        "top1": 96.07843137254902,
        "top5": 98.69281045751634,
        "mrr": 0.9707565854624677
    },
    "without_pairs": {
        "N": 54,
        "top1": 33.33333333333333,
        "top5": 57.407407407407405,
        "mrr": 0.44852749215980076
    }
}