{
    "overall": {
        "N": 207,
        "top1": 10.628019323671497,
        "top5": 31.88405797101449,
        "mrr": 0.21170471951744077
    },
    "with_pairs": {
        "N": 153,
        "top1": 14.37908496732026,
        "top5": 43.13725490196079,
        "mrr": 0.2798923368142571
    },
    "without_pairs": {
        "N": 54,
        "top1": 0.0,
        "top5": 0.0,
        "mrr": 0.018506470509794554
    }
}